addr,cnm
인천광역시 강화군 강화읍 강화대로 395,이편한치과의원
인천광역시 강화군 강화읍 강화대로 400,장치과의원
인천광역시 강화군 강화읍 중앙로 31,이사랑치과의원
인천광역시 강화군 강화읍 강화대로 410,마리치과의원
인천광역시 강화군 강화읍 중앙로 23,연세치과의원
인천광역시 강화군 강화읍 동문안길 9-1,고려치과의원
인천광역시 강화군 길상면 길상로 317,온수플러스치과의원
인천광역시 강화군 강화읍 강화대로404번길 5,강화치과의원
인천광역시 강화군 강화읍 강화대로 398,서울미소치과의원
인천광역시 강화군 강화읍 강화대로404번길 4,오치과의원
인천광역시 강화군 강화읍 강화대로 361,서울경로치과의원
인천광역시 강화군 강화읍 강화대로 403,강화탑치과의원
인천광역시 강화군 길상면 온수길 23,건플란트치과의원
인천광역시 서구 원적로 100,두치과
인천광역시 부평구 부평대로 25,황인성치과의원
인천광역시 계양구 경명대로 1068,탑치과의원
인천광역시 중구 신도시남로 137,이플란트치과의원
인천광역시 부평구 동암남로 5,밝은내일치과의원
인천광역시 서구 완정로 60,이안치과의원
인천광역시 동구 화도진로 34,스마일치과의원
인천광역시 연수구 새말로 27,예본플란트치과의원
인천광역시 남동구 백범로 322,간석우리치과
인천광역시 계양구 오조산공원로 22,신동인치과의원
인천광역시 중구 우현로35번길 1,정충근치과의원
인천광역시 부평구 장제로 212,미소부부치과의원
인천광역시 서구 원적로 85,정영달치과의원
인천광역시 남동구 문화로 59,드림하이치과의원
인천광역시 서구 마전로 117,마전미소치과의원
인천광역시 부평구 부평대로 153,해맑음치과의원
인천광역시 부평구 부개로 61-6,봄치과의원
인천광역시 계양구 새벌로 126,나움치과의원
인천광역시 계양구 효서로 53,스마트치과의원
인천광역시 남동구 장승로 25,창대치과의원
인천광역시 미추홀구 미추홀대로 573,이지부부치과의원
인천광역시 부평구 마장로 121,이정섭치과의원
인천광역시 부평구 굴포로 42,바른턱얼굴치과의원
인천광역시 부평구 경원대로 1244,조재민치과의원
인천광역시 중구 개항로 28-1,윤명국치과의원
인천광역시 연수구 새말로 90,연수청아치과의원
인천광역시 부평구 경원대로 1246,시카고치과병원
인천광역시 부평구 부평문화로 51,뉴욕치과의원
인천광역시 계양구 주부토로 475,이사랑치과의원
인천광역시 남동구 남동대로 875,제일청원치과의원
인천광역시 부평구 경원대로 1418,구올담치과병원
인천광역시 동구 송현로 38,솔빛치과의원
인천광역시 남동구 남동대로 886,간석굿모닝치과의원
인천광역시 남동구 경인로 530,연세치과의원
인천광역시 부평구 후정동로 35,상쾌한치과의원
인천광역시 계양구 주부토로 506,미소치과의원
인천광역시 연수구 원인재로 313,연수준치과의원
인천광역시 미추홀구 소성로 150,우성치과의원
인천광역시 미추홀구 인하로 255,전성구치과의원
인천광역시 미추홀구 미추홀대로 677,주안시민치과의원
인천광역시 계양구 계산새로 71,인천어린이치과의원
인천광역시 서구 가정동 476-25,프라임치과의원
인천광역시 연수구 청능대로 93,두손모아치과의원
인천광역시 계양구 주부토로 469,서광원푸른솔치과의원
인천광역시 서구 완정로 179,서울현대치과의원
인천광역시 미추홀구 독배로 422,송원빈치과의원
인천광역시 서구 가정로 208,장인호치과의원
인천광역시 서구 심곡로49번길 1,웰치과의원
인천광역시 계양구 계산새로65번길 17,서울명문치과의원
인천광역시 남동구 청능대로289번길 73,굿모닝치과의원
인천광역시 계양구 경명대로 1116,이원근치과의원
인천광역시 동구 동산로 86,이흥우치과의원
인천광역시 서구 완정로 170,열린치과의원
인천광역시 중구 참외전로 117-9,굿모닝치과
인천광역시 부평구 일신로14번길 24,조선호치과의원
인천광역시 계양구 봉오대로 739,엄인석치과의원
인천광역시 계양구 용종로 2,계산서울치과의원
인천광역시 계양구 용종로 23,행복치과의원
인천광역시 동구 송림로 96,서울수치과의원
인천광역시 서구 서달로 151,새하늘치과의원
인천광역시 부평구 배곶로 64-1,밝은치과21치과의원
인천광역시 부평구 장제로 211,이-바른치과의원
인천광역시 남동구 호구포로 808,두리치과의원
인천광역시 서구 서달로149번길 12-11,서인천연합치과의원
인천광역시 계양구 효서로 300,이튼치과의원
인천광역시 남동구 남동대로 894,정관호치과의원
인천광역시 서구 거북로 89,굿모닝치과 인천서구점
인천광역시 계양구 계양문화로 86,홍익치과의원
인천광역시 연수구 먼우금로83번길 12,연수치과
인천광역시 부평구 수변로52번길 6,변영환치과
인천광역시 연수구 한진로 23,미추홀치과의원
인천광역시 부평구 길주남로 157,이수임치과의원
인천광역시 서구 원적로 96,미소담은치과의원
인천광역시 연수구 청솔로 11,푸른치과의원
인천광역시 계양구 장제로 912,굿모닝치과의원
인천광역시 중구 흰바위로 31,이사랑치과의원
인천광역시 남동구 앵고개로 463,편한세상치과의원
인천광역시 미추홀구 한나루로 400,현대치과의원
인천광역시 서구 검단로 842,미래치과의원
인천광역시 계양구 아나지로417번길 20,해담치과의원
인천광역시 미추홀구 길파로 16,연세박치과의원
인천광역시 부평구 부평문화로 38,세란치과의원
인천광역시 중구 제물량로 261,전영섭치과의원
인천광역시 부평구 장제로 205,안성모치과의원
인천광역시 미추홀구 인하로 275,탑치과의원
인천광역시 부평구 부평대로 51,부평아름다운치과의원
인천광역시 남동구 남동대로 890,김미영치과의원
인천광역시 부평구 부흥로 393,에이플러스치과
인천광역시 부평구 주부토로 3,이치과의원
인천광역시 동구 송림로 102-1,세림치과의원
인천광역시 남동구 문화서로23번길 4,원흥영치과의원
인천광역시 연수구 함박뫼로 250,박성빈치과의원
인천광역시 부평구 부평북로 442,즐거운치과의원
인천광역시 남동구 호구포로 901,이편한치과의원
인천광역시 남동구 남동대로 883,희망치과의원
인천광역시 부평구 경인로 883,박승병치과의원
인천광역시 계양구 안남로 577,베스트치과의원
인천광역시 미추홀구 미추홀대로 718,이병주치과의원
인천광역시 부평구 부흥로 247,동아미치과의원
인천광역시 계양구 안남로554번길 1,해맑은치과의원
인천광역시 남동구 소래역로 95,이편한치과
인천광역시 미추홀구 경원대로 854,서울바른정치과
인천광역시 중구 우현로 57,김용운치과의원
인천광역시 미추홀구 소성로 201,김서구치과의원
인천광역시 서구 가정로 309,서인천뉴욕치과의원
인천광역시 동구 송림로 108,양치과의원
인천광역시 계양구 계양대로 81,튼튼치과의원
인천광역시 계양구 오조산로 53,키즈프라임치과의원
인천광역시 미추홀구 토금남로 65,이레치과의원
인천광역시 미추홀구 토금중로 20,강준영치과의원
인천광역시 계양구 장제로 999,박촌에이스치과의원
인천광역시 부평구 부평대로 75,내추럴치과
인천광역시 서구 심곡로 133,새봄부부치과의원
인천광역시 미추홀구 길파로 15,주안굿모닝치과의원
인천광역시 중구 참외전로 134,박선희치과의원
인천광역시 서구 서곶로 299,연합치과
인천광역시 부평구 굴포로 48,미소진치과의원
인천광역시 남동구 구월로 77,김영호치과의원
인천광역시 연수구 신송로125번길 7,뉴욕치과의원
인천광역시 계양구 주부토로 374,은치과의원
인천광역시 부평구 경인로 887,다인치과의원
인천광역시 계양구 경명대로 1096,이데이치과
인천광역시 계양구 주부토로 525,계양치과의원
인천광역시 남동구 호구포로 796,주사랑치과의원
인천광역시 서구 승학로 587,미소담치과의원
인천광역시 계양구 안남로 565,업백치과의원
인천광역시 연수구 샘말로 56,월드치과의원
인천광역시 연수구 용담로 147,모든치과의원
인천광역시 서구 가정로 382,예은치과의원
인천광역시 남동구 만수로 43,선치과의원
인천광역시 부평구 마장로 438,연세손치과의원
인천광역시 미추홀구 경인로 363,고영식치과의원
인천광역시 연수구 먼우금로 302,우리치과
인천광역시 부평구 시장로 46-1,정광용치과의원
인천광역시 계양구 아나지로417번길 21,박민호치과의원
인천광역시 부평구 경인로1104번길 6,문형일치과
인천광역시 미추홀구 구월로 8-1,보인미소치과의원
인천광역시 계양구 병방시장로 79,하얀이치과의원
인천광역시 서구 검단로 784,해뜨는치과
인천광역시 남동구 백범로 123,탑치과의원
인천광역시 연수구 비류대로 435,열린치과의원
인천광역시 부평구 마장로 310,온치과의원
인천광역시 동구 송현로 9,젠치과의원
인천광역시 부평구 마장로 192-1,조성주치과의원
인천광역시 연수구 용담로 148,최경근치과의원
인천광역시 중구 운중로 19,김영열치과의원
인천광역시 부평구 부흥로 301,양은성치과의원
인천광역시 미추홀구 미추홀대로 581,엔터치과의원
인천광역시 남동구 만수로 31-1,허브치과의원
인천광역시 남동구 소래로669번길 41,신명치과의원
인천광역시 계양구 계양문화로 96,스마일치과
인천광역시 미추홀구 미추홀대로 696,신언일치과의원
인천광역시 계양구 계양대로 53,계양미치과의원
인천광역시 연수구 청능대로 124,기호경치과의원
인천광역시 미추홀구 경인로 130,이근세치과의원
인천광역시 중구 축항대로86번길 38,민영규치과의원
인천광역시 미추홀구 인하로 273,서울본치과의원
인천광역시 연수구 청능대로 175,송주헌치과의원
인천광역시 부평구 후정동로 28,진치과의원
인천광역시 서구 검단로 486,보스톤클래식치과의원
인천광역시 남동구 앵고개로 963,소래사랑치과의원
인천광역시 계양구 주부토로 477,권영택치과의원
인천광역시 미추홀구 경인로425번길 6,세종치과의원
인천광역시 계양구 장제로1009번길 2,이편한치과의원
인천광역시 미추홀구 토금남로 41-1,용현서울치과의원
인천광역시 동구 샛골로 155,중앙치과의원
인천광역시 미추홀구 미추홀대로 695,디지털허브치과의원
인천광역시 서구 원당동 487-3,위바른내과의원
인천광역시 부평구 마장로242번길 5,부평에이스치과의원
인천광역시 미추홀구 학익소로61번길 139,신동아치과의원
인천광역시 계양구 계양대로 149,초이스치과의원
인천광역시 서구 비즈니스로 166,늘치과의원
인천광역시 미추홀구 경원대로 861,우종윤치과의원
인천광역시 동구 화수로 18,한울치과의원
인천광역시 남동구 담방로 39,정준래치과의원
인천광역시 서구 가정로 363,플러스치과의원
인천광역시 미추홀구 석정로 272,뉴현대치과의원
인천광역시 서구 원적로96번길 26,한솔치과의원
인천광역시 서구 신석로 79,이편한치과의원
인천광역시 남동구 은청로 18,올리브치과의원
인천광역시 남동구 인하로 497-5,센트럴청원치과의원
인천광역시 연수구 원인재로 88,이원준치과의원
인천광역시 남동구 장승남로 62,김유진치과의원
인천광역시 서구 가정로 308,강남치과의원
인천광역시 미추홀구 경인로 348,최길수치과의원
인천광역시 계양구 아나지로 311,반석치과의원
인천광역시 남동구 구월로 272,서울좋은치과의원
인천광역시 남동구 청능대로718번길 9,행복한치과의원
인천광역시 서구 승학로 491,검암우리치과의원
인천광역시 남동구 남동대로 728,이진치과의원
인천광역시 남동구 매소홀로 1137,미소하나치과의원
인천광역시 부평구 부평대로167번길 54,연세비전치과의원
인천광역시 남동구 만수로 39,김정복치과의원
인천광역시 연수구 컨벤시아대로 69,서울S치과
인천광역시 미추홀구 매소홀로 474,전치과의원
인천광역시 부평구 마장로 156,하치과의원
인천광역시 계양구 봉오대로477번길 19,2080치과의원
인천광역시 부평구 부평북로 446,화이트치과의원
인천광역시 미추홀구 토금남로 53,최규형치과의원
인천광역시 서구 서곶로 293,이&김치과의원
인천광역시 남동구 만수로 63,성모치과의원
인천광역시 계양구 계양대로 44,안진수치과의원
인천광역시 서구 가정로 364-1,정순민치과의원
인천광역시 남동구 인주대로 670,인향치과의원
인천광역시 계양구 계양대로 65,정원치과의원
인천광역시 미추홀구 인주대로266번길 18,박경빈치과의원
인천광역시 중구 인항로 42,큐프라임치과의원 인하점
인천광역시 계양구 장제로 708,큐치과의원
인천광역시 계양구 경명대로 1043,조영호치과의원
인천광역시 부평구 동수로 186,정성욱치과의원
인천광역시 부평구 시장로 51,한마음치과
인천광역시 미추홀구 미추홀대로 709,이경훈치과의원
인천광역시 계양구 오조산공원로 22,아름다운치과교정과치과의원
인천광역시 동구 송화로 3,동인천치과의원
인천광역시 연수구 선학로 90,이석현치과의원
인천광역시 남동구 호구포로 920,밝은햇빛치과의원
인천광역시 계양구 장제로 789,길치과의원
인천광역시 남동구 백범로 268,간석치과의원
인천광역시 남동구 장승남로 35,동화치과의원
인천광역시 계양구 장제로875번길 1,연세유앤이치과의원
인천광역시 남동구 호구포로535번길 48-2,상아치과의원
인천광역시 남동구 백범로 381,실로암치과
인천광역시 중구 연안부두로53번길 35,김경란치과의원
인천광역시 미추홀구 주승로 222,스마일치과의원
인천광역시 서구 완정로 18,부치과의원
인천광역시 연수구 앵고개로 256,연수모아치과의원
인천광역시 계양구 계산새로 71,뉴욕치과의원
인천광역시 미추홀구 석정로 35,강명건치과
인천광역시 남동구 남촌동로25번길 43,남촌치과의원
인천광역시 부평구 영성서로 37,미래치과의원
인천광역시 미추홀구 석정로 300,궁인덕치과
인천광역시 부평구 충선로 170-3,박기유치과
인천광역시 서구 원적로 99,박윤현치과의원
인천광역시 미추홀구 석정로 459,다인치과의원
인천광역시 서구 청마로 171,위드치과의원
인천광역시 부평구 일신로14번길 12,라이프치과의원
인천광역시 미추홀구 매소홀로 470,상쾌한이치과의원
인천광역시 동구 방축로 105,백송치과의원
인천광역시 부평구 마장로 334,예미안치과의원
인천광역시 미추홀구 경인로 384,이동환치과의원
인천광역시 남동구 석산로 52,송지용치과의원
인천광역시 계양구 장제로 903,임선희치과의원
인천광역시 남동구 남동대로 772,서울미치과의원
인천광역시 남동구 장승남로 61,강충구치과의원
인천광역시 계양구 효서로 230,세느치과의원
인천광역시 남동구 남동대로 879,라은치과의원
인천광역시 연수구 독배로 42,푸른하늘치과의원
인천광역시 부평구 부평대로 20,연세고운미소치과의원
인천광역시 남동구 만수로 107,만수푸른치과의원
인천광역시 남동구 장승남로 39,숨이편한치과의원
인천광역시 남동구 용천로 82,용치과의원
인천광역시 미추홀구 경원대로 737,오부부치과의원
인천광역시 남동구 호구포로 790,편한세상부부치과의원
인천광역시 서구 가정동 481-10,진심한의원
인천광역시 부평구 부평대로 24,사람사랑치과의원 부평지점
인천광역시 부평구 부개로 14,덕수치과의원
인천광역시 계양구 계양대로 156,고영관치과의원
인천광역시 연수구 신송로 122,송도드림치과의원
인천광역시 부평구 부개로 58,해인치과의원
인천광역시 연수구 독배로 56,필치과의원
인천광역시 부평구 경원대로 1236,연세담치과의원
인천광역시 미추홀구 소성로 328,함께하는치과의원
인천광역시 남동구 백범로 132,연세세린치과의원
인천광역시 중구 큰우물로 1,황규동치과의원
인천광역시 미추홀구 낙섬서로 4,용현수치과
인천광역시 남동구 구월로 119,안경모치과의원
인천광역시 부평구 열우물로 50,동암이레치과의원
인천광역시 부평구 동암남로 6,우리들치과의원
인천광역시 서구 가정로 388,오승훈치과의원
인천광역시 미추홀구 석정로 271,그랜드치과의원
인천광역시 부평구 주부토로 260,강치과의원
인천광역시 계양구 계양대로 101,신세계치과의원
인천광역시 미추홀구 경인로 392,서울트리니티치과의원
인천광역시 계양구 장제로 916,신경하치과의원
인천광역시 남동구 백범로 212,연세김치과의원
인천광역시 미추홀구 구월로 17,동아치과병원
인천광역시 부평구 길주남로 159,이-편한치과의원
인천광역시 연수구 한나루로 190,이든치과의원
인천광역시 연수구 비류대로294번길 32-5,청학치과의원
인천광역시 미추홀구 수봉로 1,곽경일치과의원
인천광역시 남동구 문화서로 8,연세심치과의원
인천광역시 서구 검단로 500,미추홀치과
인천광역시 남동구 장승남로 36,김형수치과의원
인천광역시 부평구 세월천로 51,푸른치과의원
인천광역시 연수구 먼우금로 19,흰돌치과의원
인천광역시 미추홀구 매소홀로 466,고은치과의원
인천광역시 미추홀구 독배로 426,김식만치과
인천광역시 부평구 마장로 435,우리치과의원
인천광역시 동구 화도진로 33-1,김윤태치과의원
인천광역시 미추홀구 제일로 42-1,여금수치과의원
인천광역시 서구 승학로 577,검암웰치과의원
인천광역시 서구 가정로 127,참고은치과의원
인천광역시 서구 검단로 814-2,해민치과의원
인천광역시 남동구 석정로 515,문상준치과의원
인천광역시 부평구 경인로 951,굿모닝플러스치과의원
인천광역시 남동구 논고개로 337,도림이편한치과의원
인천광역시 미추홀구 낙섬중로 17,한창수치과의원
인천광역시 동구 봉수대로 98,남치과의원
인천광역시 계양구 아나지로 195,박경렬치과의원
인천광역시 계양구 장제로 907,계양수치과의원
인천광역시 중구 우현로 61,오치과의원
인천광역시 남동구 인주대로 664,치유치과의원
인천광역시 연수구 청량로 180,뿌리샘치과의원
인천광역시 연수구 독배로 41,두손치과의원
인천광역시 계양구 경명대로 1059,계양스마일치과의원
인천광역시 남동구 남동대로370번길 114,푸른치과의원
인천광역시 부평구 마장로 314,부평수치과의원
인천광역시 계양구 장제로 735,GM치과의원
인천광역시 연수구 비류대로 429,에이스치과의원
인천광역시 연수구 원인재로 286,정철웅치과의원
인천광역시 중구 우현로 37-1,허형범치과의원
인천광역시 남동구 구월로 279,물방울치과의원
인천광역시 미추홀구 인하로 287,미주치과의원
인천광역시 동구 샛골로 120,최재혁치과의원
인천광역시 계양구 효서로 92,효성치과
인천광역시 남동구 인주대로 582,연세프라임치과의원
인천광역시 부평구 경원대로 1397,현플란트치과의원
인천광역시 부평구 주부토로 231,이사랑치과의원
인천광역시 중구 우현로 41-1,최현수치과의원
인천광역시 서구 장고개로 277-1,연세해맑은치과의원
인천광역시 남동구 만수로 47,유승원치과의원
인천광역시 미추홀구 경인로326번길 2,홍진표치과의원
인천광역시 미추홀구 경원대로 869,르네상스치과의원
인천광역시 남동구 구월말로 117,우리치과의원
인천광역시 남동구 구월남로 333,김선주치과의원
인천광역시 서구 청마로 163,이앤미치과의원
인천광역시 중구 흰바위로 41,노블치과의원
인천광역시 남동구 구월남로 280,나광룡치과의원
인천광역시 연수구 독배로40번길 47,굿모닝치과
인천광역시 서구 완정로 36,연세조아치과의원
인천광역시 계양구 계양대로33번길 3,탑플러스치과의원
인천광역시 계양구 장제로 876,사랑이가득한치과의원
인천광역시 연수구 독배로 58,권호진치과의원
인천광역시 부평구 경원대로 1286,미소하나치과의원
인천광역시 미추홀구 낙섬중로 47,노홍범치과의원
인천광역시 계양구 안남로 548,정우현치과의원
인천광역시 미추홀구 매소홀로 63,플러스연치과의원
인천 서구 가정로 437,핀다의원
인천광역시 미추홀구 낙섬중로 101,신진호치과의원
인천광역시 미추홀구 인하로 280,즐거운치과의원
인천광역시 부평구 남부역로20번길 27,남부치과의원
인천광역시 계양구 계양대로 45,임창하치과의원
인천광역시 연수구 독배로40번길 25,박성호치과의원
인천광역시 남동구 용천로 68,참좋은부부치과의원
인천광역시 서구 완정로 187,이정우치과의원
인천광역시 남동구 청능대로 581,이미지치과의원
인천광역시 연수구 청능대로 109,연수예스치과의원
인천광역시 남동구 논고개로 121,아름다운모아치과의원
인천광역시 미추홀구 한나루로 389,다나치과의원
인천광역시 남동구 논고개로 120,논현고운이치과교정과치과의원
인천광역시 남동구 논고개로 114,서울플러스치과
인천광역시 서구 완정로 35,노블치과의원
인천광역시 중구 제물량로 65,건치과의원
인천광역시 남동구 논현역로 8,논현사랑치과의원
인천광역시 연수구 학나래로6번길 16,김성기치과의원
인천광역시 부평구 열우물로 21,이바르게치과의원
인천광역시 남동구 인주대로 580,예술치과의원
인천광역시 연수구 함박뫼로 70,올에이치과의원
인천광역시 미추홀구 경원대로 848,이재현치과의원
인천광역시 서구 원적로100번길 24,세이프치과의원
인천광역시 서구 가정로 123,플랜트치과의원
인천광역시 부평구 열우물로 43,이원희치과의원
인천광역시 남동구 백범로 320,간석부부치과의원
인천광역시 남동구 구월남로 228,행복을심는치과의원
인천광역시 남동구 인하로 497-8,샘모아치과의원
인천광역시 남동구 구월남로 182,미소시티치과의원
인천광역시 서구 율도로 32,인치과의원
인천광역시 부평구 장제로 150,로고스치과의원
인천광역시 남동구 담방로 45,프라임치과의원
인천광역시 남동구 호구포로 802,서울치과의원
인천광역시 부평구 부평대로 16,부평우리치과의원
인천광역시 서구 원창로 174,신현윤치과의원
인천광역시 부평구 부평문화로 38,고운이라인치과의원
인천광역시 서구 탁옥로 37,현치과의원
인천광역시 서구 간촌로 4,연희수치과의원
인천광역시 남동구 석산로 146,청치과의원
인천광역시 남동구 구월로 307,오케이치과의원
인천광역시 남동구 인하로507번길 4,신세계청원치과의원
인천광역시 남동구 예술로192번길 31,유디치과의원 인천구월점
인천광역시 남동구 구월로 212,밀레니엄치과의원
인천광역시 부평구 대정로 44-1,부평미소하나치과의원
인천광역시 남동구 남동대로 892,희망모아치과의원
인천광역시 부평구 이규보로 91,백운부부치과의원
인천광역시 남동구 백범로124번길 7,정광수치과의원
인천광역시 남동구 구월남로 198,행복한치과의원
인천광역시 남동구 용천로 156,간석서울치과의원
인천광역시 부평구 동수로 168-1,부일치과의원
인천광역시 남동구 장승남로 46,이아름다운치과의원
인천광역시 서구 가정로 201-1,석남치과의원
인천광역시 계양구 경명대로 1138,실로암치과의원
인천광역시 계양구 경명대로 1049,인치과의원
인천광역시 계양구 장제로 672,스마일탑치과의원
인천광역시 계양구 계산천동로 15,행복한치과의원
인천광역시 부평구 마장로 320,나이스치과의원
인천광역시 서구 검단로 764,불로치과의원
인천광역시 계양구 새벌로 120,인치과의원
인천광역시 계양구 계양대로 188,김계선치과의원
인천광역시 부평구 충선로 313,삼산에이스치과의원
인천광역시 서구 원당대로 841,타임치과의원
인천광역시 부평구 원적로 392,오봉운치과의원
인천광역시 부평구 수변로 334,푸른솔치과의원
인천광역시 계양구 계양대로 215,이승택치과의원
인천광역시 서구 고산후로95번길 20,다정한치과의원
인천광역시 계양구 동양로 101,동양수치과의원
인천광역시 연수구 비류대로 599,행복치과
인천광역시 남동구 논고개로123번길 17,닥터스마일치과의원
인천광역시 연수구 해돋이로 118,센트럴치과의원
인천광역시 중구 인항로 34,더웰치과의원
인천광역시 연수구 신송로 121,서울플란트치과의원
인천광역시 연수구 먼우금로 96,하이덴치과의원
인천광역시 미추홀구 토금중로 46,탄탄치과의원
인천광역시 연수구 앵고개로264번길 18,연수웰치과의원
인천광역시 연수구 청능대로 103,연수서울치과의원
인천광역시 연수구 원인재로 88,연세치과의원
인천광역시 남동구 논고개로123번길 35,미소담치과의원
인천광역시 중구 우현로 75,상아플러스치과의원
인천광역시 미추홀구 매소홀로 355,울플란트치과
인천광역시 서구 건지로 402,서울보스톤치과의원
인천광역시 부평구 길주로 659,서울하늘치과의원
인천광역시 부평구 체육관로 32,삼산건치과의원
인천광역시 계양구 계산새로 71,인서울치과의원
인천광역시 부평구 부흥로 329,윤석우치과의원
인천광역시 미추홀구 경원대로 858,서울함께웃는치과
인천광역시 남동구 구월로 376,아름드리치과의원
인천광역시 미추홀구 매소홀로 442,지디스치과의원
인천광역시 미추홀구 주안로 226,지디치과
인천광역시 계양구 계양대로 94,양심선언치과의원
인천광역시 서구 원당대로 865,이튼치과의원
인천광역시 미추홀구 제일로 38,미소준치과의원
인천광역시 서구 서곶로 543,세계로치과의원
인천광역시 부평구 열우물로 44,바로본치과의원
인천광역시 계양구 효서로 266,유디치과의원 작전점
인천광역시 계양구 계양문화로 151,이종수치과의원
인천광역시 계양구 병방로 13,명치과의원
인천광역시 미추홀구 인하로 261,신기치과의원
인천광역시 남동구 인하로489번길 4,다시젊어지는치과의원
인천광역시 부평구 주부토로 236,부평미건치과의원
인천광역시 서구 승학로 567,수서울치과의원
인천광역시 남동구 석산로 159,이로은치과의원
인천광역시 부평구 원적로 290,최선치과의원
인천광역시 부평구 부흥로 245,연세리본치과의원
인천광역시 계양구 봉오대로555번길 14,미소진치과의원
인천광역시 부평구 길주로 633,이다움치과의원
인천광역시 서구 가정로 212,이엔치과의원
인천광역시 남동구 호구포로 818,인천예치과의원
인천광역시 서구 건지로 402,연세플러스치과의원
인천광역시 남동구 호구포로 812,김종화치과의원
인천광역시 부평구 경원대로 1366,박상욱치과의원
인천광역시 부평구 부평대로 59,서울제일치과의원
인천광역시 부평구 부평대로 9,백종은치과의원
인천광역시 부평구 부영로189번길 36,예건치과의원
인천광역시 남동구 경인로 668,정다운치과의원
인천광역시 부평구 체육관로 38,연세주니어치과의원 인천부평점
인천광역시 미추홀구 인하로352번길 4,행복담은샘치과의원
인천광역시 동구 송현로 1,서울나무치과의원
인천광역시 연수구 독배로40번길 11,연수청원치과의원
인천광역시 연수구 신송로 121,오케이치과의원
인천광역시 연수구 해돋이로 107,송도우리치과의원
인천광역시 중구 우현로 34,본플란트치과의원
인천광역시 남동구 백범로 396,간석정플란트치과의원
인천광역시 남동구 논고개로 117,노블리안치과의원
인천광역시 미추홀구 인하로 300,본플란트치과의원
인천광역시 연수구 앵고개로 242,이소연치과
인천광역시 남동구 인하로507번길 74,구월백세플란트치과의원
인천광역시 연수구 앵고개로 250,연수부부치과의원
인천광역시 연수구 앵고개로 262,산치과의원
인천광역시 남동구 석산로 135,바른치과
인천광역시 부평구 평천로 394,베스트치과의원
인천광역시 부평구 시장로 12,유디부평치과의원
인천광역시 서구 경서로69번길 12,아이비치과의원
인천광역시 서구 검단로 469,검단서울치과의원
인천광역시 부평구 부흥로 264,맑은샘치과의원
인천광역시 부평구 부평대로 43-1,웰스치과의원
인천광역시 부평구 부평문화로 55,예인치과의원
인천광역시 부평구 경원대로 1234,배형수치과의원
인천광역시 부평구 체육관로 14,W플러스 치과의원
인천광역시 서구 가정로 378,신현굿모닝치과의원
인천광역시 부평구 원길로 34,부평모아치과의원
인천광역시 서구 탁옥로 55,연희보스톤치과의원
인천광역시 서구 중봉대로 588,서울삼성치과의원
인천광역시 부평구 수변로 8,인천평화의료복지사회적협동조합평화치과의원
인천광역시 남동구 에코중앙로156번길 5-15,에코올리브치과의원
인천광역시 남동구 논고개로 80,퍼스트치과의원
인천광역시 남동구 논현로46번길 14,서울연세미치과의원
인천광역시 남동구 만수서로 56,고기종치과의원
인천광역시 남동구 만수서로 52,휴먼치과의원
인천광역시 서구 청라에메랄드로102번길 8,행복드림치과의원
인천광역시 서구 청라라임로 51,안앤정치과의원
인천광역시 서구 중봉대로586번길 22,청라탑치과의원
인천광역시 동구 송미로 7,송림푸른하늘치과의원
인천광역시 미추홀구 경원대로 862,건강한e치과의원
인천광역시 남동구 구월로 280,모래내치과의원
인천광역시 남동구 논현로 42,서울스타치과의원
인천광역시 남동구 방축로 503,해맑은치과의원
인천광역시 남동구 논고개로 93,보미퍼스트치과의원
인천광역시 부평구 길주남로 109,서울네오플란트치과의원
인천광역시 동구 송림로 100,현대치과의원
인천광역시 남동구 장아산로190번길 10-18,서울이사랑치과
인천광역시 계양구 장제로 738,미래치과의원
인천광역시 계양구 장제로 1004,수자인치과의원
인천광역시 계양구 동양로 107,고운이치과의원
인천광역시 계양구 황어로 120,상아웰치과의원
인천광역시 남동구 구월남로 172,서울이턱사랑니치과의원
인천광역시 계양구 오조산공원로 14,서울플라워치과의원
인천광역시 서구 청라라임로 65,청라오치과의원
인천광역시 연수구 신송로 166,송도위드치과의원
인천광역시 부평구 부평대로 301,하이큐나눔치과병원
인천광역시 미추홀구 토금중로40번길 11,더라은치과의원
인천광역시 부평구 부평대로 114,서울휴치과의원
인천광역시 계양구 안남로 512,두리부부치과의원
인천광역시 부평구 경원대로 1412,부평백세플란트치과의원
인천광역시 남동구 구월로 212,튼튼아이치과의원
인천광역시 계양구 경명대로 1074,유디계산치과의원
인천광역시 남동구 청능대로 593,유디논현치과의원
인천광역시 부평구 부평대로 70,부평포샤르치과
인천광역시 연수구 인천타워대로54번길 13,케이라인치과의원
인천광역시 서구 가정로 374,닥터함치과의원
인천광역시 남동구 남동대로774번길 34,가천대길병원장애인구강진료센터
인천광역시 남동구 서창남순환로216번길 12,블루앤치과의원
인천광역시 연수구 인천타워대로54번길 3,송도이플란트치과의원
인천광역시 남동구 용천로 70,연세바로치과교정과치과의원 인천점
인천광역시 남동구 논고개로123번길 17,바른이치과교정과치과의원
인천광역시 부평구 광장로4번길 11,서울티플란트치과의원
인천광역시 남동구 경인로 520,서민치과의원
인천광역시 남동구 구월로 284,본치과의원
인천광역시 연수구 인천타워대로132번길 34,엘리샤인터내셔널치과의원
인천광역시 미추홀구 경인로 462,박종현치과의원
인천광역시 남동구 인하로 568,아시아드치과의원
인천광역시 남동구 성말로 10,세란치과의원
인천광역시 남동구 선수촌공원로 37,구월퍼스트치과의원
인천광역시 미추홀구 경인로 433,김세훈치과의원
인천광역시 연수구 앵고개로246번길 10,연수퍼스트치과의원
인천광역시 연수구 컨벤시아대로230번길 54,달콤어린이치과의원
인천광역시 남동구 호구포로 872,의료법인 예현의료재단 세종치과의원
인천광역시 미추홀구 독배로 420-1,네오연세치과의원
인천광역시 부평구 길주로 635,삼성주니어치과의원
인천광역시 남동구 만수서로 60,엔치과의원
인천광역시 미추홀구 낙섬중로 52,용현탑치과의원
인천광역시 남동구 인하로507번길 9,서울나란이치과의원
인천광역시 미추홀구 독배로 434,바른플란트치과의원
인천광역시 미추홀구 소성로 88,맑은향기치과의원
인천광역시 연수구 신송로 161,제이치과의원
인천광역시 남동구 경인로 764,이화치과의원
인천광역시 남동구 인하로 613,서울수치과의원
인천광역시 남동구 인하로 616,삼성서울치과의원
인천광역시 미추홀구 석산로 12,연세간석치과의원
인천광역시 미추홀구 인하로 258,서울리더스치과의원
인천광역시 남동구 담방로 105,오치과의원
인천광역시 계양구 용종로 8,연세선치과의원
인천광역시 미추홀구 석정로 392,서울바온치과의원
인천광역시 미추홀구 낙섬중로 98,연세우리치과의원
인천광역시 연수구 센트럴로 160,신세계정치과의원
인천광역시 남동구 만수로 9,참조은치과의원
인천광역시 남동구 구월로 212,세종고운이치과의원
인천광역시 남동구 호구포로 893,하늘부부치과의원
인천광역시 남동구 장승남로 54,바른이플란트치과의원
인천광역시 남동구 석산로 175,연세느티나무치과의원
인천광역시 서구 가정로394번길 1,올바른치과의원
인천광역시 서구 승학로 497,서울리더스치과의원
인천광역시 연수구 경원대로483번길 6,연수센트럴치과의원
인천광역시 계양구 계산새로 1,계산청원치과의원
인천광역시 부평구 안남로 271,미소그린치과의원
인천광역시 서구 거북로 99,서울휴플러스치과의원
인천광역시 부평구 열우물로 45,이봄치과의원
인천광역시 미추홀구 경인로 119,제물포J플란트치과의원
인천광역시 서구 솔빛로 82,청라리더스치과의원
인천광역시 남동구 청능대로 563,기쁜우리치과의원
인천광역시 중구 하늘중앙로 193,하늘리더스치과의원
인천광역시 서구 봉오재3로 40,맑은미소치과의원 가정점
인천광역시 서구 가정로 202,승치과의원
인천광역시 서구 고래울로 4,원치과의원
인천광역시 중구 하늘별빛로65번길 7-3,영종연세치과의원
인천광역시 중구 하늘별빛로 59,서울THE좋은치과의원
인천광역시 연수구 컨벤시아대로 69,서울고른이치과교정과치과의원
인천광역시 부평구 길주남로 35,믿음치과의원
인천광역시 서구 장고개로337번길 18-3,건플란트치과의원
인천광역시 서구 장고개로337번길 16,사과치과의원
인천광역시 서구 단봉로 107,송앤정치과의원
인천광역시 서구 신석로 68,성민치과의원
인천광역시 서구 보듬5로 5,미소드림치과의원
인천광역시 남동구 청능대로718번길 31,아름드림치과의원
인천광역시 연수구 독배로40번길 35,옥련서울치과의원
인천광역시 중구 우현로 93-1,디지털타임치과의원
인천광역시 연수구 송도문화로28번길 28,송도이안치과의원
인천광역시 서구 완정로 61,파스텔치과의원
인천광역시 서구 완정로 31,참조은박치과의원
인천광역시 서구 길주로 90,이사랑치과의원
인천광역시 연수구 하모니로 124,뿌리애치과의원
인천광역시 중구 우현로 66,이규원치과의원
인천광역시 동구 송현로 1,친절한 홍치과의원
인천광역시 계양구 양지로 151,라인플란트치과의원
인천광역시 동구 송현로 4,미드림치과의원
인천광역시 남동구 논고개로 325,도림열린치과의원
인천광역시 남동구 서창남로 16-42,레몬트리치과의원
인천광역시 부평구 마장로 396,연세이편한치과의원
인천광역시 서구 중봉대로612번길 10-17,닥터케어스치과의원
인천광역시 서구 승학로 320,연세연희치과의원
인천광역시 서구 청라라임로 71,예미담치과의원
인천광역시 서구 청라라임로 71,서울갤러리치과의원
인천광역시 부평구 세월천로 34,이조은치과의원
인천광역시 서구 원당대로 861,루브르치과의원
인천광역시 부평구 마장로 82,비앤비치과의원
인천광역시 서구 청마로167번길 8,당하치과의원
인천광역시 서구 원당대로 860,이플러스치과의원
인천광역시 서구 청라에메랄드로 78,한결치과의원
인천광역시 동구 수문통로 54-1,세정굿모닝치과의원
인천광역시 서구 중봉대로 588,연세어린이치과의원
인천광역시 계양구 계양대로 38,하나치과의원
인천광역시 계양구 효서로 233,이엘치과의원
인천광역시 서구 완정로 160,김준영치과의원
인천광역시 연수구 송도미래로 30,서울스마트치과의원
인천광역시 연수구 해돋이로 107,예스플란트송도우리치과
인천광역시 미추홀구 낙섬중로 42-2,서울에스연합치과
인천광역시 부평구 경원대로 1383,투명플러스치과의원
인천광역시 남동구 예술로 126,연세스마트치과의원
인천광역시 부평구 부평대로 52,라이브치과병원 인천부평
인천광역시 부평구 부일로 87,부평센트럴치과의원
인천광역시 남동구 구월로 274,예온치과의원
인천광역시 미추홀구 미추홀대로 744,연세플란트치과의원
인천광역시 부평구 길주남로 158,부개연세치과의원
인천광역시 동구 운교로 15,화수치과의원
인천광역시 미추홀구 경인로 363-1,박중호치과의원
인천광역시 미추홀구 경인로 439,이인학치과의원
인천광역시 미추홀구 구월로 13,최규원치과의원
인천광역시 계양구 주부토로 399,국두환치과의원
인천광역시 부평구 경원대로 1240,형치과의원
인천광역시 미추홀구 경인로 449,하정상치과의원
인천광역시 부평구 동수로126번길 3,송인택치과의원
인천광역시 계양구 장제로 867,미소담치과의원
인천광역시 연수구 해돋이로 168-7,송도하버치과의원
인천광역시 서구 승학로 250,조은내일치과병원
인천광역시 부평구 장제로 62,심재만치과의원
인천광역시 서구 청라커낼로260번길 7-9,이가튼튼치과의원
인천광역시 남동구 구월로 221,바른플란트치과의원
인천광역시 서구 서곶로 300,서곶이좋은치과의원
인천광역시 부평구 부평문화로 41,연세나무치과의원
인천광역시 서구 청라루비로 93,청라다온치과의원
인천광역시 부평구 체육관로 40,서울리더스치과의원
인천광역시 부평구 동암광장로 18,굿모닝치과의원
인천광역시 남동구 장자로 14,연세샘치과의원
인천광역시 부평구 부평대로 36,허정치과의원
인천광역시 남동구 서창남순환로215번길 48,서울스카이치과의원
인천광역시 서구 장고개로337번길 13,서울미소치과의원
인천광역시 미추홀구 독배로317번길 23,서울바름치과의원
인천광역시 부평구 부평문화로 96,연세성민제치과의원
인천광역시 남동구 서창남순환로 2,미소미치과의원
인천광역시 남동구 장승남로 48,우리가족치과의원
인천광역시 동구 송림로 97,송림치과의원
인천광역시 부평구 마장로324번길 78,해바라기치과의원
인천광역시 부평구 경인로 947,바른민치과의원
인천광역시 서구 청라커낼로 264,청라퍼스트치과의원
인천광역시 부평구 원적로 434,연세탑치과의원
인천광역시 서구 중봉대로 594,파랑새치과의원
인천광역시 남동구 서창남순환로 223,서울아페리온치과의원
인천광역시 연수구 아트센터대로 149,연세커낼치과의원
인천광역시 남동구 인하로507번길 63,새이치과의원
인천광역시 미추홀구 미추홀대로 688,주안치과의원
인천광역시 남동구 서창남순환로216번길 17,조은치과의원
인천광역시 남동구 앵고개로 928,소래미소치과의원
인천광역시 서구 완정로 172,우수치과의원
인천광역시 미추홀구 숙골로87번길 14,더편한치과의원
인천광역시 미추홀구 소성로 6,사계절플러스치과의원
인천광역시 계양구 오조산공원로 14,가온치과의원
인천광역시 계양구 경명대로 1090,인천W치과의원
인천광역시 부평구 장제로101번길 44,부평효치과의원
인천광역시 부평구 부평대로 33,연세오늘인치과의원
인천광역시 남동구 논고개로 87,연세위드치과의원
인천광역시 서구 검단로502번길 1,미담치과
인천광역시 남동구 석산로 172,백세튼튼플란트치과의원
인천광역시 남동구 서창남순환로 222,서울센트리얼치과병원
인천광역시 계양구 계양대로 56,보스턴웰치과의원
인천광역시 부평구 안남로222번길 27,차상희치과의원
인천광역시 미추홀구 소성로 136,구제훈치과의원
인천광역시 서구 검단로 480,행복담은샘치과의원
인천광역시 연수구 먼우금로 194,스카이치과의원
인천광역시 남동구 논고개로 86,다이아몬드치과의원
인천광역시 미추홀구 소성로 135,학익굿모닝치과의원
인천광역시 미추홀구 구월로 32-1,바른이치과교정과치과의원
인천광역시 서구 중봉대로612번길 10-16,청라꾸러기치과의원
인천광역시 부평구 안남로 261,최성렬치과의원
인천광역시 미추홀구 수봉로 1,굿모닝치과의원
인천광역시 부평구 체육관로 24,모두치과의원
인천광역시 미추홀구 인주대로 416,주안열린치과의원
인천광역시 연수구 인천타워대로54번길 9,연세아이웰치과의원
인천광역시 미추홀구 숙골로 114,도화미소치과의원
인천광역시 연수구 랜드마크로 68,친절한이치과의원
인천광역시 계양구 계양산로215번길 2,박진천치과의원
인천광역시 미추홀구 낙섬중로 138,e즐거운치과의원
인천광역시 서구 이음대로 378,연세꿈꾸는아이치과의원 인천검단점
인천광역시 서구 원당대로 1045,검단비에프플란트치과의원
인천광역시 서구 이음대로 378,서울바로치과의원
인천광역시 연수구 테크노파크로111번길 15,황치일치과의원
인천광역시 서구 원당대로 660,강플란트치과의원
인천광역시 중구 자연대로 47,하늘수치과의원
인천광역시 부평구 동암광장로 8,올스마일치과의원 동암
인천광역시 서구 가정로 386,가정백세플란트치과의원
인천광역시 부평구 광장로 16,사과나무치과의원
인천광역시 서구 백범로 884,성모치과
인천광역시 서구 중봉대로 610,청라우림치과의원
인천광역시 중구 우현로39번길 2-1,허치과의원
인천광역시 연수구 앵고개로 266,연수바른치과의원
인천광역시 남동구 논고개로 85,서울S클래스치과
인천광역시 남동구 성말로13번길 15,자연미소치과의원
인천광역시 남동구 인하로489번길 4,맨하탄청원치과의원
인천광역시 남동구 남동대로 809,아산바우치과의원
인천광역시 미추홀구 낙섬서로 4,수치과의원
인천광역시 서구 솔빛로 86,맑은미소치과의원 청라
인천광역시 연수구 원인재로 56,이상호치과의원
인천광역시 연수구 컨벤시아대로230번길 54,랜더스치과의원
인천광역시 미추홀구 아암대로29번길 48,용현플란트치과의원
인천광역시 서구 서곶로 788,데일리치과의원
인천광역시 계양구 경명대로 1071,연세치과의원
인천광역시 서구 이음5로 62,피어나치과교정과치과의원
인천광역시 부평구 경원대로 1415,부평유디치과의원
인천광역시 서구 염곡로498번안길 17,루원치과의원
인천광역시 계양구 오조산로57번길 7,서울바른선치과의원
인천광역시 서구 가정동 476-4,리더S탑치과의원
인천광역시 부평구 부평대로 15,부평 나우치과의원
인천광역시 서구 중봉대로 602,청라이플란트치과의원
인천광역시 연수구 센트럴로 415,송도이앤이치과의원
인천광역시 서구 이음대로 392,이앤백치과의원
인천광역시 연수구 앵고개로104번길 4,민트치과의원
인천광역시 서구 이음5로 60,연세앤치과의원
인천광역시 미추홀구 독배로 500,한국건강관리협회건강증진치과의원
인천광역시 남동구 인하로507번길 74,구월룡플라드치과의원
인천광역시 남동구 만수서로 56,고치과
인천광역시 미추홀구 경원대로 740,우리엔치과의원
인천광역시 서구 발산로 6,치과로와치과의원
인천광역시 부평구 안남로222번길 30,유앤미치과의원
인천광역시 서구 이음대로 388,연세검단치과의원
인천광역시 연수구 신송로 161,루아어린이치과의원
인천광역시 연수구 센트럴로 194,이종훈치과교정과치과의원
인천광역시 연수구 컨벤시아대로230번길 42,송도스마일치과의원
인천광역시 서구 솔빛로 24,서울샤인치과의원
인천광역시 연수구 컨벤시아대로230번길 42,연세세이브치과의원
인천광역시 중구 자연대로 47,하늘별빛어린이치과의원
인천광역시 서구 중봉대로 602,이바른치과교정과치과의원
인천광역시 서구 가정로 372,뉴욕리더스치과의원
인천광역시 계양구 새벌로 112,연세마스터즈치과의원
인천광역시 부평구 아트센터로 38,2080자연이치과의원
인천광역시 연수구 컨벤시아대로 165,송도퍼스트치과의원
인천광역시 계양구 봉오대로 668,윌플란트치과의원
인천광역시 미추홀구 석정로 396,마음플란트치과의원
인천광역시 중구 우현로39번길 4-2,THE착한치과의원
인천광역시 부평구 경원대로 1382,내이사랑치과의원
인천광역시 서구 가정로308번길 2,참플란트치과의원
인천광역시 미추홀구 경원대로 856,다온플란트치과의원
인천광역시 연수구 아트센터대로 87,송도요셉치과의원
인천광역시 남동구 인주대로 588,미소가밝은치과의원
인천광역시 서구 청마로19번길 20,연세튼튼치과의원
인천광역시 서구 승학로 498,검암연세치과의원
인천광역시 연수구 컨벤시아대로 69,쥬니어플러스치과의원
인천광역시 남동구 논고개로 101,예플러스치과의원
인천광역시 남동구 남동대로 686,프린스앤프린세스치과의원
인천광역시 남동구 구월남로 283,모래내서울치과의원
인천광역시 중구 하늘중앙로225번길 3,슈어 치과교정과 치과병원
인천광역시 부평구 부평대로51번길 7,이영재비뇨기과의원
인천광역시 연수구 앵고개로 242,연세비뇨기과의원
인천광역시 미추홀구 미추홀대로 574,이인의비뇨기과의원
인천광역시 미추홀구 경인로 344,김기동비뇨기과의원
인천광역시 부평구 열우물로 41,최비뇨기과의원
인천광역시 서구 탁옥로 55,박경준비뇨기과의원
인천광역시 부평구 경원대로 1399,이주성비뇨기과의원
인천광역시 계양구 경명대로 1067,한강비뇨기과의원
인천광역시 미추홀구 낙섬중로 36,인하비뇨기과의원
인천광역시 부평구 부평대로 21,박비뇨기과의원
인천광역시 서구 완정로 187,연세의원
인천광역시 미추홀구 경원대로 869,이종문비뇨기과
인천광역시 연수구 청능대로 103,서비뇨기과의원
인천광역시 남동구 만수로 47,민비뇨기과의원
인천광역시 남동구 담방로 39,본비뇨기과의원
인천광역시 계양구 계양대로 53,한빛피부과비뇨기과의원
인천광역시 서구 가정로 308,엘림비뇨기과의원
인천광역시 부평구 부평대로 6,마로비뇨기과의원
인천광역시 남동구 예술로 138,골드만비뇨기과의원 인천
인천광역시 남동구 석산로169번길 17,간석굿모닝의원
인천광역시 동구 송림로 96,미르비뇨기과의원
인천광역시 남동구 논고개로123번길 17,라임비뇨기과의원
인천광역시 중구 우현로 90,윤비뇨기과의원
인천광역시 남동구 남동대로 875,최동열비뇨기과의원
인천광역시 남동구 인주대로 645,유로진남성의원 인천점
인천광역시 남동구 인하로 497-8,서울비뇨기과의원 인천
인천광역시 남동구 인하로507번길 4,트루맨남성의원 인천점
인천광역시 미추홀구 경원대로 848,멘파워비뇨기과의원
인천광역시 남동구 인하로 497-5,마로비뇨기과의원
인천광역시 남동구 인하로 501,쿨맨남성의원 인천
인천광역시 남동구 성말로13번길 15,임팩트비뇨기과의원
인천광역시 남동구 인하로489번길 4,굿모닝의원 인천
인천광역시 미추홀구 미추홀대로 584,정한수비뇨기과의원
인천광역시 부평구 부평대로 19-1,부평연세비뇨기과의원
인천광역시 서구 중봉대로 594,라임비뇨기과의원 청라점
인천광역시 부평구 경원대로 1234,박피부과의원
인천광역시 남동구 논고개로 114,메가비뇨의학과의원 인천점
인천광역시 서구 검단로 480,하이맨비뇨기과의원 인천검단점
인천광역시 계양구 장제로 911,이영원비뇨기과의원
인천광역시 연수구 신송로 153,유쾌한비뇨의학과의원 송도점
인천광역시 강화군 강화읍 강화대로 412,중앙의원
인천광역시 강화군 강화읍 강화대로312번길 11,강화병원
인천광역시 강화군 강화읍 중앙로 27,제일성모의원
인천광역시 강화군 길상면 온수길 23,길상의원
인천광역시 옹진군 백령면 백령로 233,인천광역시의료원백령병원
인천광역시 강화군 길상면 온수길36번길 2,온수의원
인천광역시 강화군 강화읍 강화대로 395,정 의원
인천광역시 중구 연안부두로33번길 16,연안의원
인천광역시 미추홀구 인주대로 332,새안의원
인천광역시 미추홀구 인주대로 186,양지의원
인천광역시 미추홀구 인주대로 191,모아메디컬의원
인천광역시 남동구 장승남로 37,예스메디칼의원
인천광역시 서구 마전로5번길 22-1,마전참사랑의원
인천광역시 미추홀구 석정로 123-1,기독의원
인천광역시 계양구 계양대로 90,현대중앙의원
인천광역시 연수구 원인재로 263,인천적십자병원
인천광역시 미추홀구 독정이로 47,신성의원
인천광역시 미추홀구 독배로 420,용현제일의원
인천광역시 동구 송림로 84,송림성모의원
인천광역시 부평구 주부토로 260,강남의원
인천광역시 서구 가정로 204,가인의원
인천광역시 부평구 충선로 21,우리의원
인천광역시 서구 서달로 130,코코메디칼의원
인천광역시 남동구 경인로 530,간석성모의원
인천광역시 동구 화수로 43,화수성심의원
인천광역시 서구 길주로 85,한마음의원
인천광역시 연수구 선학로 101,이든의원
인천광역시 미추홀구 아암대로29번길 48,용현연세의원
인천광역시 미추홀구 인하로 213,고려메디칼
인천광역시 동구 샛골로 199,성모메디칼의원
인천광역시 남동구 만수로 78,제일메디칼의원
인천광역시 미추홀구 토금남로 65,삼성제일의원
인천광역시 미추홀구 인하로 121,다사랑메디칼의원
인천광역시 남동구 인주대로 845,전병원
인천광역시 동구 샛골로 142,권내과정형외과의원
인천광역시 계양구 주부토로 526,연세성심의원
인천광역시 미추홀구 독배로 500,건강증진센터
인천광역시 부평구 길주남로 113,서울중앙의원
인천광역시 서구 심곡로132번길 21,인천은혜요양병원
인천광역시 부평구 배곶남로 24,푸른의원
인천광역시 연수구 한진로 23,피앤비의원
인천광역시 부평구 장제로 145,인천바오로병원
인천광역시 동구 화수로 18,동부제일의원
인천광역시 부평구 원길로 34,중앙현대의원
인천광역시 미추홀구 한나루로 389,서울중앙의원
인천광역시 부평구 부영로 11,부광의원
인천광역시 계양구 마장로 549,효성성모의원
인천광역시 동구 송화로44번길 13-1,행복세란의원
인천광역시 중구 영종대로 100,영종삼성의원
인천광역시 부평구 경인로1024번길 42,제일성심의원
인천광역시 남동구 인주대로 773,인하의원
인천광역시 서구 장고개로 283,가좌성모의원
인천광역시 동구 송림로 83,김의원
인천광역시 계양구 계양대로 187,세란성심의원
인천광역시 남동구 남촌동로35번길 4,남촌굿모닝의원
인천광역시 남동구 구월남로342번길 3,본의원
인천광역시 서구 승학로 577,검암중앙의원
인천광역시 연수구 한나루로196번길 3,한림의원
인천광역시 서구 완정로 18,진메디칼의원
인천광역시 동구 수문통로 58,동인의원
인천광역시 연수구 함박뫼로 28,현대성모의원
인천광역시 남동구 만수로 107,한사랑의원
인천광역시 남동구 만수로 29-1,다나의원
인천광역시 부평구 마장로 86,신현대의원
인천광역시 남동구 인주대로 643,차외과의원
인천광역시 계양구 계양문화로 96,우리의원
인천광역시 부평구 마장로 383,부평정진의원
인천광역시 계양구 장제로1009번길 1,박촌메디스의원
인천광역시 계양구 장제로1009번길 2,새성모의원
인천광역시 서구 심곡로 24,연세수의원
인천광역시 연수구 원인재로 315,연세비만클리닉의원
인천광역시 미추홀구 석정로 381,한마음가정의원
인천광역시 미추홀구 독배로432번길 14,고려만물사
인천광역시 부평구 마장로242번길 19,우리들의원
인천광역시 남동구 용천로88번길 3,늘푸른의원
인천광역시 남동구 석산로 171,그린메디칼의원
인천광역시 동구 인중로 489,두산인프라코어부속의원
인천광역시 연수구 앵고개로 260,소망메디칼의원
인천광역시 서구 옻우물로 3,미스토리의원
인천광역시 남동구 논고개로 88,모두병원
인천광역시 남동구 구월로 241,서울이룸병원
인천광역시 서구 연희로 12,다나의원
인천광역시 계양구 경명대로 1107,인천하이병원
인천광역시 부평구 후정동로 12,중앙성모의원
인천광역시 남동구 구월남로 283,미듬메디컬의원
인천광역시 중구 하늘중앙로 193,하늘메디컬의원 건강검진센터
인천광역시 서구 가정로 123,두리가자의원
인천광역시 서구 가정로 204,거북연합의원
인천광역시 부평구 부평대로 53,마리앤의원
인천광역시 서구 신진말로 30,행복의원
인천광역시 남동구 호구포로 812,한나의원
인천광역시 미추홀구 한나루로 420,희망나눔병원
인천광역시 계양구 아나지로197번길 7,김의원
인천광역시 남동구 백범로 338-1,연세나오미의원
인천광역시 계양구 장제로 1031,SB나눔제일의원
인천광역시 연수구 앵고개로104번길 4,삼성스마일의원
인천광역시 연수구 송도미래로 9,길병원
인천광역시 중구 공항로424번길 66,연세공항의원
인천광역시 서구 승학로 320,인천연세병원
인천광역시 연수구 인천타워대로132번길 34,의료법인 마크로젠의료재단 진헬스의원
인천광역시 남동구 예술로 138,글로벌365mc병원 인천
인천광역시 부평구 원적로 469,참누리병원참누리의료소비자생활협동조합
인천광역시 연수구 인천타워대로132번길 34,진헬스건강검진센터
인천광역시 남동구 인주대로 732,맘마외과의원
인천광역시 남동구 남동대로 885,서울안아픈세상의원
인천광역시 미추홀구 제일로 38,맑은성모의원
인천광역시 부평구 부흥로304번길 38,미소가득한의원
인천광역시 계양구 계산새로 71,서울아산플러스의원
인천광역시 계양구 계양대로 82,서울메디의원
인천광역시 남동구 복개동로 64,만수연합의원
인천광역시 동구 송현로 47,연세도레미소아청소년과의원
인천광역시 서구 고산후로95번길 20,새빛튼튼의원
인천광역시 서구 단봉로 97-7,365검단열린의원
인천광역시 남동구 인주대로676번길 10,상정의료생협상정메디칼의원
인천광역시 남동구 서창남순환로 140,참편한가정의원
인천광역시 중구 하늘별빛로 75,더리셋의원
인천광역시 연수구 센트럴로 232,센트럴 웰니스 의원
인천광역시 중구 공항로 271,명지의료재단명지공항의원
인천광역시 계양구 새벌로 112,한가람메디즈의원
인천광역시 계양구 오조산공원로 26,더베스트메디컬의원
인천광역시 부평구 대정로 28,부평프라임메디컬의원
인천광역시 연수구 컨벤시아대로230번길 42,송도에이치케이(HK)의원
인천광역시 남동구 남동대로 705,남동우리메디칼의원
인천광역시 미추홀구 경인로 479,인천방사선과의원
인천광역시 남동구 인주대로623번길 63,인천영상진단방사선과의원
인천광역시 미추홀구 경원대로 865,고려영상의학과의원
인천광역시 중구 큰우물로 21,가천대학교의료원 부속동인천길병원 부속길한방병원
인천광역시 남동구 남동대로774번길 21,가천대 길병원
인천광역시 남동구 논고개로123번길 35,연세새힘병원
인천광역시 미추홀구 인주대로 138,보훈공단 인천보훈병원
인천광역시 강화군 불은면 고려왕릉로 376,호세요양원별관
인천광역시 남동구 남동대로 786,가천대 길병원 국민검진센터
인천광역시 남동구 독점로30번길 21,가천대길병원의학봉사관
인천광역시 남동구 독점로29번길 16,가천대길병원호흡기안심센터
인천광역시 남동구 남동대로774번길 14,가천대길병원여성전문센터
인천광역시 남동구 인주대로653번길 56,가천대길병원인공신장센터
인천광역시 남동구 인주대로653번길 56,가천대길병원가천관
인천광역시 남동구 남동대로 783,가천대길병원암센터
인천광역시 남동구 남동대로 773,가천대길병원인공지능암병원
인천광역시 계양구 장제로 722,한림병원제2신관
인천광역시 부평구 동수로 56,가톨릭대학교인천성모병원신관
인천광역시 부평구 동수로 56,가톨릭대학교인천성모병원맞춤형암치유병원
인천광역시 서구 신석로 70,뉴 성민병원신관
인천광역시 부평구 부흥로 287,부평구보건소별관
인천광역시 남동구 남동대로774번길 21,가천대길병원뇌건강센터
인천광역시 남동구 남동대로 786,가천대길병원유전체연구소
인천광역시 남동구 남동대로774번길 21,가천대길병원최소침습수술센터
인천광역시 남동구 남동대로774번길 21,가천대길병원폐센터
인천광역시 남동구 남동대로774번길 21,가천대길병원암맞춤치료클리닉
인천광역시 미추홀구 인주대로 485,나누리병원 인천주안점척추내시경치료센터
인천광역시 서구 원적로 23,나은병원비뇨기과전립선센터
인천광역시 중구 인항로 27,인하대학교부속병원암통합지원센터
인천광역시 남동구 인주대로 806,봄날요양병원인공신장실
인천광역시 서구 원창로240번길 6,인천참사랑병원신관
인천광역시 서구 심곡로100번길 7,가톨릭관동대학교국제성모병원의생명융합연구관
인천광역시 남동구 남동대로774번길 34,가천대길병원치과병원
인천광역시 서구 가경주로40번길 20-5,인천참사랑병원별관
인천광역시 계양구 계양문화로17번길 10,한림병원별관
인천광역시 남동구 남동대로774번길 21,가천대길병원수면의학센터
인천광역시 서구 신진말로28번길 43,나은병원국제의학연구소
인천광역시 남동구 구월로 303,고려요양병원별관
인천광역시 미추홀구 주안로104번길 55,인천사랑병원공감동
인천광역시 중구 제2터미널대로 444,인천공항T2코로나19검사센터
인천광역시 부평구 동수로52번길 15-17,가톨릭대학교인천성모병원라파엘관
인천광역시 연수구 신송로 157-9,송도연세병원 암면역증진센터
인천광역시 강화군 강화읍 중앙로 23,인성의원
인천광역시 연수구 독배로 42,현대가외의원
인천광역시 부평구 부평대로 11,제일외과의원
인천광역시 남동구 성말로13번길 15,위대항맥외과의원
인천광역시 남동구 호구포로 751,베스트항외과
인천광역시 계양구 계양대로 188,서울메디컬의원
인천광역시 남동구 만수로 7,파티마의원
인천광역시 남동구 호구포로 788,남동성모외과의원
인천광역시 미추홀구 숙골로 57,예지항외과의원
인천광역시 남동구 논고개로 114,최앤박내과외과의원
인천광역시 남동구 만수로 65,만수성심외과의원
인천광역시 서구 율도로 62-1,중앙외과의원
인천광역시 계양구 봉오대로555번길 14,소망의원
인천광역시 미추홀구 인주대로 464,최광호외과의원
인천광역시 동구 송림로 96,선항외과의원
인천광역시 부평구 부평대로 9,연세베스트항외과의원
인천광역시 남동구 예술로 126,서울지에이치하지외과의원
인천광역시 서구 탁옥로 45,속편한외과
인천광역시 중구 운남로 167,서울외과의원
인천광역시 부평구 경원대로 1415,인천어바웃유외과의원
인천광역시 연수구 앵고개로246번길 10,이강연유외과의원
인천광역시 계양구 계양대로 55,조치항외과의원
인천광역시 연수구 먼우금로 194,우리외과의원
인천광역시 남동구 구월남로 153,정담외과의원
인천광역시 서구 이음대로 388,삼성플러스유외과의원
인천광역시 연수구 하모니로 158,플로라유외과의원
인천광역시 계양구 계양대로 214,계양하루여성외과의원
인천광역시 강화군 강화읍 강화대로 410,현대내과의원
인천광역시 강화군 강화읍 강화대로 422,남궁내과의원
인천광역시 강화군 하점면 창후로 286,해주병원
인천광역시 강화군 강화읍 중앙로 25,에바다의원
인천광역시 남동구 담방로 45,Dr송내과의원
인천광역시 계양구 안남로 565,한길의원
인천광역시 계양구 경명대로 1043,박광식내과의원
인천광역시 남동구 구월로 284,장태일내과의원
인천광역시 남동구 포구로 64-35,한물결의원
인천광역시 부평구 원적로 392,노광해내과의원
인천광역시 계양구 효서로 380,건강한내과의원
인천광역시 계양구 경명대로 1049,유석환내과의원
인천광역시 서구 율도로 98,김득조내과의원
인천광역시 계양구 계양산로 193,연세수의원
인천광역시 서구 검단로 842,정내과의원
인천광역시 남동구 만수로 45,조재철내과의원
인천광역시 남동구 호구포로 885,최내과의원
인천광역시 부평구 마장로 435,박은철내과의원
인천광역시 미추홀구 미추홀대로719번길 4,정내과의원
인천광역시 남동구 만수로 39,현내과의원
인천광역시 남동구 문화서로4번길 38,박인규내과의원
인천광역시 계양구 아나지로 191,연아메디의원
인천광역시 미추홀구 경인로 485,문영주내과의원
인천광역시 서구 원적로 103,문정식내과의원
인천광역시 계양구 봉오대로477번길 19,연세중앙의원
인천광역시 남동구 장승남로 36,선린내과의원
인천광역시 서구 가정로 364-1,양영표내과의원
인천광역시 동구 송현로 1,동인천내과의원
인천광역시 계양구 계양대로 83,두리산부인과두리내과의원
인천광역시 부평구 경원대로 1270,호내과의원
인천광역시 부평구 부평북로 442,좋은내과의원
인천광역시 미추홀구 경인로 429,열린성모내과의원
인천광역시 부평구 원적로 311,연세삼성의원
인천광역시 부평구 장제로 137,나다의료재단소망병원
인천광역시 미추홀구 경인로 387,변내과의원
인천광역시 미추홀구 미추홀대로 717,이호용내과의원
인천광역시 연수구 비류대로 429,이정호내과의원
인천광역시 남동구 백범로 374,추원석내과의원
인천광역시 계양구 계양대로 45,정복기내과의원
인천광역시 부평구 주부토로 112,삼성의원
인천광역시 서구 염곡로 329,인천연합의원
인천광역시 남동구 백범로 322,21세기미소내과의원
인천광역시 부평구 경원대로 1236,김강환내과의원
인천광역시 남동구 남동대로 772,강문호내과의원
인천광역시 동구 화도진로 183,연세성모의원
인천광역시 계양구 새벌로 126,예일내과의원
인천광역시 남동구 구월말로 117,전내과의원
인천광역시 남동구 구월로 75,이진호내과의원
인천광역시 계양구 안남로 548,임창재내과의원
인천광역시 부평구 부흥로365번길 3,박상현내과의원
인천광역시 미추홀구 미추홀대로 663-1,정앤정내과소아청소년과의원
인천광역시 부평구 충선로 174,소망내과의원
인천광역시 부평구 부평대로 24,성모내과의원
인천광역시 서구 가정로 201,차왕기내과의원
인천광역시 부평구 부흥로 245,연세내과의원
인천광역시 부평구 부평문화로 97,김인호내과의원
인천광역시 남동구 백범로 325-1,서울내과의원
인천광역시 서구 서곶로 293,한림내과의원
인천광역시 미추홀구 한나루로 591,행복한내과의원
인천광역시 남동구 인주대로 664,우리의원
인천광역시 연수구 용담로 131,한솔내과의원
인천광역시 부평구 부평대로167번길 42,우리내과의원
인천광역시 부평구 부평대로 24,안정경내과의원
인천광역시 미추홀구 소성로 135,김철내과의원
인천광역시 부평구 부평문화로 100-1,노내과의원
인천광역시 서구 청마로 163,조성원내과의원
인천광역시 계양구 경명대로 1074,방규태내과의원
인천광역시 남동구 구월로 280,인하내과의원
인천광역시 부평구 부흥로123번길 43,한솔의원
인천광역시 부평구 원적로 298,연세의원
인천광역시 미추홀구 인하로 296,박용주내과의원
인천광역시 계양구 장제로 911,김승호내과의원
인천광역시 연수구 원인재로 14,현대의원
인천광역시 서구 원적로 96,최강련내과
인천광역시 남동구 호구포로 808,연세내과의원
인천광역시 남동구 남동대로 894,속시원한내과의원
인천광역시 서구 원당대로 866,위편한내과의원
인천광역시 계양구 용종로 2,인천계양속편한내과의원
인천광역시 서구 고래울로 29,가좌우리내과의원
인천광역시 남동구 남촌동로25번길 4,박무정내과의원
인천광역시 남동구 독곡로6번길 4,연세푸른의원
인천광역시 남동구 포구로 96,서울의원
인천광역시 부평구 안남로 261,김성철내과의원
인천광역시 남동구 인주대로 861,박재홍내과의원
인천광역시 미추홀구 석정로 436,하기수내과의원
인천광역시 계양구 안남로554번길 1,효성의원
인천광역시 미추홀구 미추홀대로 622,이내과의원
인천광역시 중구 축항대로86번길 38,이재준내과의원
인천광역시 계양구 계산새로65번길 17,연세내과의원
인천광역시 연수구 한나루로 190,제일내과의원
인천광역시 서구 거북로 97,예일메디칼의원
인천광역시 미추홀구 토금남로 31,박규섭내과의원
인천광역시 서구 원적로 77,베드로의원
인천광역시 부평구 세월천로 46,장내과의원
인천광역시 동구 송림로 10,연세제일의원
인천광역시 계양구 주부토로 479,하헌돈내과의원
인천광역시 부평구 부평대로 93,부평중앙병원
인천광역시 미추홀구 경인로 32,인천제일의원
인천광역시 연수구 독배로40번길 29,부부내과의원
인천광역시 남동구 구월로 332,만수중앙의원
인천광역시 계양구 주부토로 465,중앙의원
인천광역시 연수구 원인재로 180,박호연의원
인천광역시 남동구 석산로 146,최병길내과의원
인천광역시 서구 가정로 201-1,연세열린내과의원
인천광역시 중구 우현로39번길 2,신포김내과의원
인천광역시 중구 도원로7번길 11,신흥메디칼의원
인천광역시 부평구 부평문화로 38,전형식내과의원
인천광역시 부평구 영성서로 37,미래한솔내과의원
인천광역시 부평구 길주남로 159,홍정표내과의원
인천광역시 동구 송림로 73-1,복음의원
인천광역시 서구 건지로 264,손태용내과의원
인천광역시 부평구 경인로701번길 58,우리들의원
인천광역시 중구 흰바위로 31,주내과의원
인천광역시 서구 원적로 85,신현승내과의원
인천광역시 부평구 경인로1118번길 14-7,인천동진의원
인천광역시 부평구 경원대로 1266,부평연세내과의원
인천광역시 계양구 장제로 929,해든내과의원
인천광역시 서구 서달로 159,한사랑의원
인천광역시 연수구 해돋이로120번길 16,송도내과의원
인천광역시 미추홀구 낙섬서로 4,다정한내과의원
인천광역시 미추홀구 제일로 34,더건강한윤내과의원
인천광역시 부평구 원적로 290,이수금내과의원
인천광역시 계양구 효서로 385,다사랑내과의원
인천광역시 서구 완정로 187,안용진내과의원
인천광역시 중구 운중로71번길 14,복지의원
인천광역시 동구 화도진로 52,이영우내과의원
인천광역시 미추홀구 아암대로 15,서해사랑내과의원
인천광역시 서구 완정로 36,김경현내과의원
인천광역시 중구 제물량로 65,김훈수내과의원
인천광역시 미추홀구 한나루로 501,푸른메디칼의원
인천광역시 동구 운교로 5,비타민내과의원
인천광역시 남동구 논현역로 8,논현사랑내과의원
인천광역시 동구 송림로 93-1,우리내과의원소아과
인천광역시 연수구 선학로68번길 4,녹색중앙의원
인천광역시 미추홀구 매소홀로 442,현대성모의원
인천광역시 서구 건지로 264,삼성의원
인천광역시 부평구 열우물로 54,동암우리내과의원
인천광역시 남동구 호구포로 884,이의원
인천광역시 부평구 경원대로1130번길 29,예닮내과가정의학과의원
인천광역시 남동구 만수로 47,세란내과의원
인천광역시 남동구 예술로140번길 29,손지원내과의원
인천광역시 남동구 담방로 45,닥터송내과의원
인천광역시 남동구 남동대로 743,고영식내과의원
인천광역시 남동구 호구포로 818,서울삼성내과의원
인천광역시 서구 서곶로 355-1,하이큐연희내과의원
인천광역시 남동구 경인로 772,후생의원
인천광역시 남동구 구월로 376,박내과의원
인천광역시 남동구 구월로 212,장앤탑내과재활의학과의원
인천광역시 남동구 용천로 157,세브란스의원
인천광역시 남동구 석산로 156,바른성모내과의원
인천광역시 남동구 구월로 348,조영복내과의원
인천광역시 부평구 체육관로 14,우리들내과의원
인천광역시 부평구 부영로 165,김방수내과의원
인천광역시 계양구 주부토로 372,한솔의원
인천광역시 계양구 효서로 300,오준내과의원
인천광역시 서구 검단로623번길 4,늘푸른의원
인천광역시 부평구 후정동로 21,누가의원
인천광역시 부평구 마장로 338,부평사랑내과의원
인천광역시 서구 검단로768번1길 4,연세조내과의원
인천광역시 계양구 계양대로 27,해맑은플러스의원
인천광역시 서구 원당대로 841,원당연세메디칼의원
인천광역시 계양구 동양로 101,우리들내과의원
인천광역시 계양구 계양대로 44,편안이내과의원
인천광역시 동구 송림로 96,윤종길내과의원
인천광역시 동구 동산로 88,대동의원
인천광역시 중구 신도시남로 137,온누리내과의원
인천광역시 남동구 호구포로 220,조은아산내과의원
인천광역시 남동구 논고개로123번길 17,논현이이주내과의원
인천광역시 서구 가정로 388,장내과의원
인천광역시 계양구 장제로 857,다원병원
인천광역시 서구 탁옥로 49,서인천성모의원
인천광역시 연수구 학나래로6번길 35,연수우리내과의원
인천광역시 연수구 학나래로118번길 9,웅내과의원
인천광역시 부평구 주부토로 182,갈산내과의원
인천광역시 미추홀구 인하로 275,요셉마디의원
인천광역시 미추홀구 미추홀대로 573,제이씨김내과의원
인천광역시 부평구 경인로 883,참조은내과의원
인천광역시 부평구 부흥로 264,서울드림내과의원
인천광역시 동구 송림로 76,굿모닝내과의원
인천광역시 부평구 주부토로 261,행복플러스의원
인천광역시 부평구 동수북로158번길 3,부평열린내과의원
인천광역시 중구 공항로424번길 84,인하국제의원
인천광역시 남동구 구월로 223,성모류마내과의원
인천광역시 부평구 장제로 27,동수녹십자의원
인천광역시 연수구 해돋이로 102,정부순의원
인천광역시 부평구 부평대로 301,하이큐영상의원
인천광역시 남동구 에코중앙로156번길 5-12,인사랑내과의원
인천광역시 부평구 충선로 313,한맘의원
인천광역시 연수구 용담로 11,닥터김내과
인천광역시 부평구 동암남로 4,마루내과의원
인천광역시 부평구 체육관로 38,굿모닝의원
인천광역시 부평구 열우물로 50,김용덕내과의원
인천광역시 서구 중봉대로 588,청라행복내과의원
인천광역시 남동구 에코중앙로156번길 5-19,참조은내과의원
인천광역시 남동구 주안로 231,상쾌한속내과의원
인천광역시 남동구 논고개로 325,늘푸른내과의원
인천광역시 남동구 장승로 41,남동성심의원
인천광역시 남동구 논고개로 87,논현새로운내과의원
인천광역시 동구 화도진로 137,이현우메디칼의원
인천광역시 미추홀구 토금중로40번길 11,연세이명래내과의원
인천광역시 중구 서해대로 476,삼성내과의원
인천광역시 남동구 만수서로 56,향촌사랑내과의원
인천광역시 계양구 안남로 512,하이큐송석호내과의원
인천광역시 남동구 앵고개로847번길 50,논현맑은의원
인천광역시 계양구 장제로 867,365내과연합의원
인천광역시 부평구 길주남로10번길 21,나은내과의원
인천광역시 남동구 인하로 497-5,휴내과의원
인천광역시 남동구 용천로 70,장튼튼내과의원
인천광역시 연수구 원인재로 216,연수의원
인천광역시 연수구 앵고개로 242,이이주내과의원
인천광역시 연수구 앵고개로 250,이상대내과의원
인천광역시 남동구 호구포로 798,모래내굿모닝내과의원
인천광역시 남동구 구월로 223,이준승내과의원
인천광역시 연수구 신송로 161,서울삼성내과의원
인천광역시 미추홀구 매소홀로 446,인천하나의원
인천광역시 남동구 인하로 608,예촌연합의원
인천광역시 동구 송림로 113,박영훈내과의원
인천광역시 미추홀구 낙섬중로 105,동아의원
인천광역시 남동구 호구포로 893,인천속내과의원
인천광역시 부평구 부평대로 132,다남메디의원
인천광역시 서구 청라한내로72번길 23,문내과의원
인천광역시 계양구 경명대로 1048,김석연내과의원
인천광역시 서구 가정로 308,강남의원
인천광역시 중구 하늘별빛로 71,편안내과의원
인천광역시 계양구 동양로 103,서울백내과의원
인천광역시 계양구 양지로 151,행복한내과의원
인천광역시 계양구 장제로 912,건강플러스내과의원
인천광역시 서구 청라한내로 90,청라나눔내과의원
인천광역시 미추홀구 매소홀로 564,문학의원
인천광역시 남동구 매소홀로 1137,서창내과의원
인천광역시 서구 검단로 508,검단나은의원
인천광역시 미추홀구 낙섬중로 37,우리내과의원
인천광역시 연수구 먼우금로 189,연수베스트내과의원
인천광역시 미추홀구 경원대로 858,미추홀내과의원
인천광역시 부평구 부평문화로130번길 48,제민의원
인천광역시 남동구 남동대로 686,정언내과의원
인천광역시 미추홀구 독배로 431,김가정의원
인천광역시 서구 크리스탈로74번길 31,다정한내과의원
인천광역시 미추홀구 미추홀대로 576,오세원내과의원
인천광역시 부평구 원적로 434,최태열내과의원
인천광역시 남동구 서창남순환로 222,삼성베스트내과의원
인천광역시 남동구 남동서로236번길 30,남동연합의원
인천광역시 연수구 신송로125번길 7,연세최선내과의원
인천광역시 남동구 인하로507번길 63,속편한내과의원
인천광역시 미추홀구 미추홀대로 688,속시원내과의원
인천광역시 남동구 경인로644번길 119,누가의원
인천광역시 부평구 부개로 73,소문난내과의원
인천광역시 미추홀구 경인로 128-1,정우식내과
인천광역시 연수구 청능대로 103,홍성표내과의원
인천광역시 연수구 먼우금로 88,연수성심의원
인천광역시 남동구 서창남로 77,더웰내과의원
인천광역시 부평구 부평대로 9,부평내과의원
인천광역시 미추홀구 숙골로 59,설내과의원
인천광역시 연수구 하모니로 158,송도퍼스트내과
인천광역시 서구 이음5로 60,연세장튼튼의원
인천광역시 연수구 송도국제대로 157,송도베스트내과의원
인천광역시 미추홀구 낙섬중로 138,서울상쾌한내과의원
인천광역시 서구 원당대로 1045,삼성센트럴의원
인천광역시 부평구 후정동로 39,삼산의원
인천광역시 연수구 신송로 153,송도이이주내과의원
인천광역시 부평구 경인로1104번길 10,인천평화의료복지사회적협동조합평화의원
인천광역시 부평구 길주로 635,서울퍼스트내과의원
인천광역시 미추홀구 석정로 271,도화탑내과의원
인천광역시 서구 가정로 437,루원성모내과의원
인천광역시 서구 청라라임로 65,길벗내과의원
인천광역시 서구 가정로394번길 1,인천수내과의원
인천광역시 서구 청라라임로 71,청라건강한내과의원
인천광역시 서구 승학로 498,검암우리손내과의원
인천광역시 부평구 체육관로 30,리더스영상의학과의원
인천광역시 서구 가정로 375,우리편한내과의원
인천광역시 남동구 인하로 568,이광래내과의원
인천광역시 서구 가정로 202,임내과의원
인천광역시 서구 완정로 70,속편안내과의원
인천광역시 미추홀구 경원대로 869,최박내과의원
인천광역시 연수구 독배로 42,옥련삼성내과의원
인천광역시 계양구 계양대로 149,더바른내과의원
인천광역시 남동구 남동대로 931,정을식내과의원
인천광역시 미추홀구 독배로 311,김은아의건강한내과의원
인천광역시 남동구 논현역로 4,주손척척의원
인천광역시 부평구 부평문화로 55,인천성모내과의원
인천광역시 부평구 안남로 261,다나의원
인천광역시 서구 가정로151번길 11,큰나무의원
인천광역시 미추홀구 미추홀대로 696,주안지수내과의원
인천광역시 서구 원적로 100,하이큐홍내과의원
인천광역시 미추홀구 매소홀로 372,주혜영내과의원
인천광역시 연수구 신송로 157-9,송도연세의원
인천광역시 연수구 해돋이로172번길 42,송도미래내과의원
인천광역시 미추홀구 인하로 301,서울아산내과의원
인천광역시 서구 서곶로 281,행복백세내과의원
인천광역시 부평구 길주로364번길 9,부평바른내과의원
인천광역시 중구 우현로 75,인천웰빙내과의원
인천광역시 남동구 남동대로 880,더편한장사랑내과의원
인천광역시 강화군 강화읍 중앙로 9,큰나무의원
인천광역시 미추홀구 낙섬중로 15-1,이종원가정의원
인천광역시 남동구 장승로 13-1,한사랑가정의원
인천광역시 미추홀구 석정로 327,굿모닝가정의학과의원
인천광역시 서구 심곡로 129,성모가정의원
인천광역시 계양구 새벌로 120,연세의원
인천광역시 미추홀구 문화로 51,김홍희탱글의원
인천광역시 부평구 일신로14번길 34,열린가정의원
인천광역시 중구 우현로 47,연세참가정의학과의원
인천광역시 계양구 안남로 568,조태민가정의학과의원
인천광역시 부평구 길주남로 158,부개성누가의원
인천광역시 미추홀구 인주대로266번길 18-1,서울가정의원
인천광역시 서구 서달로123번길 12-4,삼성가정의원
인천광역시 부평구 마장로 446,청천가정의원
인천광역시 계양구 병방로 17,고려가정의원
인천광역시 부평구 세월천로 16,성모가정의원
인천광역시 미추홀구 낙섬중로 101,용현가정의원
인천광역시 미추홀구 학익소로61번길 139,성모가정의학과의원
인천광역시 부평구 마장로242번길 5,에이스가정의원
인천광역시 미추홀구 미추홀대로 715,누가가정의학과의원
인천광역시 미추홀구 경원대로652번길 31,이선덕가정의학과의원
인천광역시 연수구 새말로 31,서울가정의학과의원
인천광역시 부평구 굴포로 81-1,하나가정의원
인천광역시 부평구 수변로107번길 58,부개성심의원
인천광역시 남동구 논고개로 337,우리가족의원
인천광역시 미추홀구 경인로 231,덕양가정의학과의원
인천광역시 서구 거북로 115,동산가정의원
인천광역시 부평구 경인로1104번길 23,우리가정의원
인천광역시 부평구 동수로 168-1,박가정의학과의원
인천광역시 연수구 비류대로 437,이상영가정의학과의원
인천광역시 부평구 영성로 34,미래연합가정의학과의원
인천광역시 계양구 황어로 120,성모가정의학과의원
인천광역시 서구 서달로149번길 12-12,가정메디칼의원
인천광역시 미추홀구 낙섬중로 54,김영주가정의원
인천광역시 남동구 인주대로 541,한마음의원
인천광역시 미추홀구 길파로 18,주안가정의원
인천광역시 중구 연안부두로33번길 36,송재현가정의원
인천광역시 미추홀구 소성로 333,박가정의학과의원
인천광역시 서구 원적로96번길 26,제일가정의원
인천광역시 부평구 경원대로 1355,신의의원
인천광역시 남동구 담방로 105,연세가정의원
인천광역시 부평구 경인로 836,이삭가정의학과의원
인천광역시 미추홀구 인주대로 273,주안의원
인천광역시 계양구 오조산로 1,성모25의원
인천광역시 서구 경서로69번길 12,고려가정의원
인천광역시 남동구 석정로 571,최재빈가정의학과의원
인천광역시 미추홀구 인중로 13,온가정의원
인천광역시 부평구 부일로 87,푸른가정의학과의원
인천광역시 남동구 남동대로 893,성모가정의학과의원
인천광역시 부평구 길주남로 124,삼성가정의학과의원
인천광역시 서구 단봉로 107,연세가정의학과의원
인천광역시 남동구 석산로 131,열린가정의학과의원
인천광역시 연수구 송도문화로28번길 28,글로벌송도의원
인천광역시 남동구 호구포로535번길 48-2,남촌가정의원
인천광역시 부평구 장제로 188-2,행복한가정의원
인천광역시 미추홀구 인하로352번길 4,하나의원
인천광역시 부평구 부흥로 247,예스가정의학과의원
인천광역시 부평구 동수로 25,사랑의가정의학과의원
인천광역시 부평구 수변로 74,정준가정의학과의원
인천광역시 남동구 백범로 204,참사랑의원
인천광역시 서구 청라루비로 95,에이플러스365청라가정의학과의원
인천광역시 연수구 송도과학로 85,송도세브란스병원(2026년예정)
인천광역시 강화군 강화읍 강화대로 395,임용철마취통증의학과의원
인천광역시 연수구 독배로40번길 21,삼성연합의원
인천광역시 연수구 앵고개로 242,손호균마취통증의학과의원
인천광역시 서구 원적로 100,인하마취통증의학과의원
인천광역시 남동구 구월로 284,참빛마취통증의학과의원
인천광역시 남동구 장승남로 46,이레마취통증의학과의원
인천광역시 연수구 하모니로36번길 1,송도마취통증의학과의원
인천광역시 미추홀구 제일로 38,주안연세마취통증의학과의원
인천광역시 부평구 부평대로 51,서기홍마취통증의학과의원
인천광역시 연수구 청능대로 103,해사랑마취통증의학과의원
인천광역시 부평구 부평문화로 96,연세마취통증의학과의원
인천광역시 남동구 호구포로 812,성모척척마취통증의학과의원
인천광역시 부평구 마장로 334,부평현대통증의학과의원
인천광역시 부평구 부평대로 17,고려마취통증의학과의원
인천광역시 연수구 독배로40번길 47,한양마취통증의학과의원
인천광역시 계양구 계양대로 170,신세계마취통증의학과의원
인천광역시 남동구 석산로 159,채움마취통증의학과의원
인천광역시 남동구 만수서로 62,더본마취통증의학과의원
인천광역시 미추홀구 미추홀대로 573,주안사랑마취통증의학과의원
인천광역시 남동구 남동대로 880,연세올리브마취통증의학과의원
인천광역시 미추홀구 인하로262번길 5,성모마취통증의학과의원
인천광역시 부평구 굴포로 48,부평탑마취통증의학과의원
인천광역시 계양구 계산새로65번길 17,퍼스트정마취통증의학과의원
인천광역시 남동구 인주대로 506-1,서울외과의원
인천광역시 계양구 장제로 808,계양장문외과의원
인천광역시 서구 검단로 474,연세항외과의원
인천광역시 강화군 강화읍 강화대로 387,경희한의원
인천광역시 강화군 강화읍 강화대로 375,명인한의원
인천광역시 강화군 길상면 마니산로 53,길상한의원
인천광역시 강화군 강화읍 청하동길9번길 7,감초한의원
인천광역시 강화군 강화읍 향나무길 22,강화부부한의원
인천광역시 강화군 강화읍 중앙로 23,경희새벽한의원
인천광역시 강화군 강화읍 강화대로 416,우리한의원
인천광역시 강화군 강화읍 강화대로393번길 5,강화한의원
인천광역시 강화군 길상면 강화동로 9,성심한의원
인천광역시 강화군 강화읍 갑룡길 118,용정한의원
인천광역시 강화군 강화읍 남문로 75,제일한의원
인천광역시 강화군 강화읍 강화대로404번길 4,경희백향한의원
인천광역시 미추홀구 경인로 242-3,진명한의원
인천광역시 계양구 효서로 300,참사랑한의원
인천광역시 계양구 효서로 57,태산한의원
인천광역시 미추홀구 소성로 135,석재홍한의원
인천광역시 남동구 담방로 39,이규린한의원
인천광역시 계양구 주부토로 537,365한의원
인천광역시 남동구 남동대로 890,여우한의원
인천광역시 미추홀구 인주대로 141,덕창한의원
인천광역시 부평구 주부토로 7,해광한의원
인천광역시 부평구 수변로 56-1,이상규한의원
인천광역시 서구 원적로 91,현대경희한의원
인천광역시 연수구 샘말로62번길 20,세명한의원
인천광역시 중구 제물량로 65,경성한의원
인천광역시 남동구 인하로507번길 4,리샘한의원 인천점
인천광역시 연수구 한진로25번길 4,옥련한의원
인천광역시 미추홀구 경인로 63,서광한의원
인천광역시 동구 화도진로 8,조민형한의원
인천광역시 연수구 독배로 42,봄한의원
인천광역시 미추홀구 미추홀대로 577,홍제한의원
인천광역시 연수구 비류대로256번길 8-14,경희약손한의원
인천광역시 서구 가석로156번길 19,경인한의원
인천광역시 연수구 먼우금로 194,하얀마음한의원 인천점
인천광역시 동구 송림로 96,송림한의원
인천광역시 남동구 논고개로 313,도림한의원
인천광역시 남동구 만수로 63,만수한의원
인천광역시 부평구 후정동로 35,손한의원
인천광역시 계양구 계양대로 36,경희차오름한의원
인천광역시 부평구 부평북로 399,삼산한의원
인천광역시 부평구 부흥로 247,성모한의원
인천광역시 남동구 인주대로 661,동원한의원
인천광역시 남동구 호구포로 886,간석경희한의원
인천광역시 서구 가정로 315,육각수한의원
인천광역시 부평구 마장로 435,부평경희한의원
인천광역시 남동구 예술로 126,하늘마음한의원 인천
인천광역시 부평구 경인로1104번길 14-4,일신한의원
인천광역시 부평구 부평대로 66,청구경희한의원 부평
인천광역시 연수구 원인재로 88,김종욱한의원
인천광역시 미추홀구 석정로 327,명제당한의원
인천광역시 연수구 한나루로 182,서명원한의원
인천광역시 미추홀구 구월로 8-1,보인한의원
인천광역시 미추홀구 한나루로 464,성제한의원
인천광역시 부평구 동암남로 13,백두한의원
인천광역시 부평구 장제로221번길 3,청심한의원
인천광역시 서구 서곶로 336,국제한의원
인천광역시 미추홀구 미추홀대로578번길 5,오충환한의원
인천광역시 부평구 아트센터로 38,길한의원
인천광역시 계양구 봉오대로 668,인천한의원
인천광역시 서구 석남로110번길 14,연세한의원
인천광역시 서구 원적로 78,동화한의원
인천광역시 남동구 백범로 395,경일한의원
인천광역시 미추홀구 낙섬중로32번길 3,중국광제한의원
인천광역시 미추홀구 매소홀로 442,거북이한의원
인천광역시 계양구 계양대로 53,한초당한의원
인천광역시 계양구 주부토로 479,평강한의원
인천광역시 계양구 주부토로 469,김수철한의원
인천광역시 미추홀구 매소홀로 446,학익한의원
인천광역시 남동구 만수로 33,명성준한의원
인천광역시 연수구 원인재로 310,연수백세한의원
인천광역시 계양구 장제로 873,태을당한의원
인천광역시 미추홀구 석정로 432,제민당한의원
인천광역시 부평구 장제로 212,부평부부한의원
인천광역시 미추홀구 미추홀대로 574,장진요한의원
인천광역시 부평구 부평문화로 46,민중한의원
인천광역시 남동구 문화로 83,영광한의원
인천광역시 미추홀구 경원대로 863,수려한의원
인천광역시 계양구 효서로 137,예화한의원
인천광역시 남동구 만수로 65,초당한의원
인천광역시 계양구 아나지로417번길 20,장생한의원
인천광역시 서구 장고개로 285,성현한의원
인천광역시 연수구 해돋이로 116,코스비한의원
인천광역시 연수구 독배로 55,청송한의원
인천광역시 계양구 오조산로 53,동국한의원
인천광역시 동구 샛골로 199,성모메디칼한의원
인천광역시 부평구 부영로 196,세성한의원
인천광역시 남동구 인하로489번길 10,다올한의원 인천점
인천광역시 부평구 주부토로 193,김봉주한의원
인천광역시 미추홀구 경인로 363,인제한의원
인천광역시 중구 운중로 22,청송한의원
인천광역시 서구 가정로 123,가좌경희한의원
인천광역시 동구 송림로 83,보민한의원
인천광역시 중구 신도시남로 137,미소한의원
인천광역시 연수구 신송로125번길 13,준한의원
인천광역시 미추홀구 인하로 446,기린한의원
인천광역시 중구 연안부두로33번길 36,혜화당한의원
인천광역시 계양구 계산천동로19번길 15,청해한의원
인천광역시 미추홀구 경인로 479-1,명신한의원
인천광역시 서구 가정로 201-1,황대순한의원
인천광역시 서구 원적로47번길 6,효남한의원
인천광역시 서구 가정로 202,성신한의원
인천광역시 부평구 부흥로 283,힐링한방병원
인천광역시 계양구 효서로 233,박종운한의원
인천광역시 남동구 남동대로 894,심준보한의원
인천광역시 미추홀구 소성로 136,감초한의원
인천광역시 미추홀구 주승로 230,천수한의원
인천광역시 계양구 계양대로 214,삼기당한의원
인천광역시 부평구 열우물로 91-1,동암한의원
인천광역시 미추홀구 아암대로29번길 48,임국경한의원
인천광역시 남동구 만수로 1,성재한의원
인천광역시 계양구 계산새로 93,은행나무한의원
인천광역시 서구 율도로 91,삼정당한의원
인천광역시 부평구 세월천로 34,청천한의원
인천광역시 남동구 남촌동로 50-3,명제한의원
인천광역시 남동구 문화서로3번길 1,구월한의원
인천광역시 계양구 경명대로 1067,백제한의원
인천광역시 동구 샛골로 173,경희일이삼한의원
인천광역시 계양구 안남로 562,경희부부한의원
인천광역시 동구 금곡로 84,보화당한의원
인천광역시 부평구 경원대로 1246,현대경희한의원
인천광역시 동구 화도진로 109,신농씨한의원
인천광역시 미추홀구 한나루로 496-3,동인한의원
인천광역시 서구 가정로 199,김성진한의원
인천광역시 계양구 안남로 548,제일한의원
인천광역시 연수구 앵고개로264번길 30-4,하나한의원
인천광역시 미추홀구 석산로 42,승재한의원
인천광역시 계양구 계산새로65번길 17,경희참한의원
인천광역시 계양구 안남로 513,광제한의원
인천광역시 미추홀구 인주대로 112,바른한의원
인천광역시 계양구 용종로 14,경희대남한의원
인천광역시 남동구 호구포로 903,경희선한의원
인천광역시 미추홀구 경인로 233,천지인한의원
인천광역시 서구 청라커낼로 280,사랑이꽃피는한의원
인천광역시 남동구 백범로 320,시민한의원
인천광역시 미추홀구 제일로 26,홍일한의원
인천광역시 남동구 장승로 31,동서한의원
인천광역시 계양구 장제로 913,예인한의원
인천광역시 연수구 앵고개로264번길 30-3,동풍한의원
인천광역시 남동구 장승로 17,신농씨한의원
인천광역시 중구 우현로39번길 4-1,필한의원
인천광역시 부평구 길주로 633,금송아지한의원
인천광역시 미추홀구 경원대로 749,경희동방한의원
인천광역시 연수구 신송로125번길 7,어울림한의원
인천광역시 부평구 길주남로 158,신통방통한의원
인천광역시 부평구 마장로324번길 15,제생한의원
인천광역시 남동구 구월로 280,경희일이삼한의원
인천광역시 연수구 독배로40번길 29,사랑한의원
인천광역시 중구 참외전로 156-1,태양한의원
인천광역시 계양구 경명대로 1051,서울한의원
인천광역시 부평구 후정동로 8,예성한의원
인천광역시 미추홀구 경원대로 854,대원한의원
인천광역시 연수구 앵고개로 250,본디올경희한의원
인천광역시 부평구 부평문화로 51,아연한의원
인천광역시 미추홀구 인주대로266번길 1,덕윤한의원
인천광역시 계양구 오조산로 1,상쾌한한의원
인천광역시 남동구 백범로 315,안태건한의원
인천광역시 남동구 구월로 268,인산한의원
인천광역시 미추홀구 인하로 304,경희강생당한의원
인천광역시 미추홀구 낙섬서로 4,연세한의원
인천광역시 연수구 먼우금로 88,남송한의원
인천광역시 계양구 계양산로215번길 4,병방한의원
인천광역시 동구 방축로 105,희망한의원
인천광역시 연수구 비류대로 429,김규식한의원
인천광역시 남동구 남촌동로25번길 43,소나무한의원
인천광역시 남동구 호구포로 782,장한의원
인천광역시 연수구 원인재로 180,제중한의원
인천광역시 부평구 상정로 17,상정한의원
인천광역시 남동구 만수로 39,임치유한의원
인천광역시 미추홀구 경인로 465,석바위한의원
인천광역시 부평구 마장로272번길 76,신라한의원
인천광역시 남동구 담방로 45,동의보감한의원
인천광역시 남동구 호구포로 802,모래내한의원
인천광역시 서구 원적로 100,숭인한의원
인천광역시 남동구 장승남로 61,삼성제일한의원
인천광역시 부평구 경인로1024번길 41,동의보감한의원
인천광역시 계양구 경명대로 1143,경희소중한의원
인천광역시 연수구 함박뫼로 68,해인당한의원
인천광역시 남동구 남동대로370번길 119,푸른경희한의원
인천광역시 미추홀구 석정로 244,정인당한의원
인천광역시 남동구 석산로 135,예당한의원
인천광역시 서구 가정로 208,중국홍원한의원
인천광역시 부평구 세월천로 47,김용석한의원
인천광역시 부평구 주부토로 183,갈산수한의원
인천광역시 동구 화도진로 65,익수한의원
인천광역시 서구 검단로 842,대림한의원
인천광역시 연수구 독배로40번길 47,고려한의원
인천광역시 부평구 주부토로 268,디한의원
인천광역시 중구 참외전로37번길 1,국순당한의원
인천광역시 서구 가정로 212,연합한의원
인천광역시 미추홀구 미추홀대로 696,동성한의원
인천광역시 연수구 용담로 115,성성한의원
인천광역시 부평구 부평북로 446,미래한의원
인천광역시 서구 승학로 491,도담도담한의원
인천광역시 부평구 열우물로49번길 6,동암경희한의원
인천광역시 중구 우현로 41-1,동의보감한의원
인천광역시 중구 서해대로 474,형제한의원
인천광역시 중구 흰바위로 31,행림한의원
인천광역시 미추홀구 인주대로137번길 6,왕소연중국한의원
인천광역시 중구 축항대로86번길 38,한국한의원
인천광역시 중구 흰바위로 41,운서한의원
인천광역시 부평구 경인로1104번길 5,영광한의원
인천광역시 계양구 효서로 380,동서한의원
인천광역시 미추홀구 독배로 309,흠당한의원
인천광역시 부평구 경원대로 1274,부평한의원
인천광역시 부평구 장제로 188-2,영창한의원
인천광역시 동구 샛골로 182,이승진한의원
인천광역시 남동구 구월로 366-1,평강한의원
인천광역시 미추홀구 낙섬중로 42-1,평화당한의원
인천광역시 미추홀구 소성로 148-4,동남한의원
인천광역시 남동구 호구포로 790,최용준한의원
인천광역시 부평구 경인로 887,벽송한의원
인천광역시 서구 염곡로 322,보원한의원
인천광역시 계양구 효서로 196,맑은샘한의원
인천광역시 남동구 용천로 80,황금손한의원
인천광역시 서구 완정로 70,인우당한의원
인천광역시 서구 완정로 198,맑은숲부부한의원
인천광역시 남동구 청능대로 581,청구경희한의원 인천논현
인천광역시 남동구 논고개로 121,지경욱한의원
인천광역시 남동구 청능대로 583,논현우리한의원
인천광역시 미추홀구 토금남로 53,용현한의원
인천광역시 연수구 독배로40번길 35,둘리옥련한의원
인천광역시 미추홀구 경인로 128-1,동서한의원
인천광역시 서구 청마로 163,수한의원
인천광역시 미추홀구 아암대로29번길 47,푸른솔한의원
인천광역시 서구 완정로 60,참빛한의원
인천광역시 미추홀구 인주대로 105,용현보화한의원
인천광역시 동구 화평로 12-1,대영한의원
인천광역시 동구 동산로 88,동제당한의원
인천광역시 연수구 앵고개로264번길 18,유승엽한의원
인천광역시 서구 건지로 402,중화당한의원
인천광역시 미추홀구 제일로40번길 5,보건한의원
인천광역시 미추홀구 소성로 333,경희금강한의원
인천광역시 미추홀구 경원대로 865,김한의원
인천광역시 연수구 선학로 101,경희한의원
인천광역시 남동구 장아산로 137,부개경희한의원
인천광역시 남동구 만수로 47,향촌한의원
인천광역시 남동구 장승남로 51,형통한의원
인천광역시 서구 가정로 301,강남한의원
인천광역시 남동구 호구포로535번길 48-2,경희푸른솔한의원
인천광역시 남동구 매소홀로 1137,성혁제한의원
인천광역시 남동구 인하로507번길 9,키우미한의원 인천
인천광역시 남동구 석산로141번길 1,신망애한의원
인천광역시 서구 가정로 382,바르다경희한의원
인천광역시 부평구 경원대로 1268,지성한의원
인천광역시 남동구 호구포로800번길 9,중국광원한의원
인천광역시 서구 서달로149번길 12-11,명가한의원
인천광역시 남동구 구월로276번길 70,으뜸한의원
인천광역시 남동구 호구포로800번길 28,연세한의원
인천광역시 남동구 구월남로 172,경희진한의원
인천광역시 남동구 백범로 213,김재민한의원
인천광역시 남동구 남동대로 892,차앤미한의원
인천광역시 남동구 백범로 322,경희수한의원
인천광역시 남동구 만수로 43,중화한의원
인천광역시 남동구 구월남로 194,경희수세보원한의원
인천광역시 부평구 충선로 165,토정한의원
인천광역시 계양구 아나지로 311,동보경희한의원
인천광역시 부평구 길주로508번길 25,화생당한의원
인천광역시 계양구 계양문화로 96,경인한의원
인천광역시 부평구 평천로 296,광동한의원
인천광역시 부평구 원적로 434,웅림한의원
인천광역시 계양구 계산새로 71,인천감초당한의원
인천광역시 부평구 체육관로 24,코숨보성일침한의원
인천광역시 계양구 경명대로 1057,홍제한의원
인천광역시 계양구 장기로 23,장기한의원
인천광역시 계양구 장제로 999,세종한의원
인천광역시 부평구 길주남로 157,부일한의원
인천광역시 부평구 체육관로 34,교동한의원
인천광역시 부평구 원적로 296,부원당한의원
인천광역시 계양구 장제로 903,경희한의원
인천광역시 계양구 동양로 103,진생한의원
인천광역시 남동구 성말로13번길 15,샬롬한의원
인천광역시 남동구 서창남순환로 223,서창한의원
인천광역시 미추홀구 낙섬중로 45-1,동의보감한의원
인천광역시 연수구 앵고개로 256,동인당한의원
인천광역시 연수구 청능대로 103,동의보감한의원
인천광역시 연수구 먼우금로188번길 12,신농씨한의원
인천광역시 남동구 논현로 42,호구포한의원
인천광역시 미추홀구 매소홀로 355,경희최한의원
인천광역시 부평구 체육관로 32,참사랑한의원
인천광역시 부평구 충선로 313,미소진한의원
인천광역시 부평구 경원대로 1404,청주강세구한의원
인천광역시 서구 가정로 388,화목한의원
인천광역시 서구 완정로 35,병인한의원 인천검단점
인천광역시 부평구 부평대로 166,하나로기경희한의원
인천광역시 남동구 장승남로 48,정원산책한의원
인천광역시 계양구 계산새로 93,훈한의원
인천광역시 부평구 수변로 333,윤영빈한의원
인천광역시 서구 서곶로 352,중원당한의원
인천광역시 계양구 용종로 2,성보한의원
인천광역시 미추홀구 제일로 38,경희우정한의원
인천광역시 미추홀구 인하로 253,쑥향가득한의원
인천광역시 부평구 경원대로 1236,백운한의원
인천광역시 부평구 경원대로 1244,한빛한의원
인천광역시 남동구 남동대로 880,우보한의원 인천점
인천광역시 남동구 석산로 159,연지한의원
인천광역시 부평구 마장로 310,백현소아한의원
인천광역시 부평구 마장로 320,김규식한의원
인천광역시 계양구 봉오대로555번길 14,청담한의원
인천광역시 서구 가정로 213,호선한의원
인천광역시 부평구 부영로189번길 51,푸른숲한의원
인천광역시 남동구 구월로 212,약선제한의원
인천광역시 부평구 동수로 61,익수당한의원
인천광역시 부평구 부평대로 59,부평가족사랑한의원
인천광역시 부평구 길주남로 159,갑자한의원
인천광역시 부평구 경인로 870,동수한의원
인천광역시 부평구 길주로647번길 20,열린한의원
인천광역시 계양구 안남로 568,참경희한의원
인천광역시 부평구 부흥로294번길 4,다스름한의원
인천광역시 미추홀구 석산로 36,광동한의원
인천광역시 계양구 장제로1009번길 2,박촌한의원
인천광역시 연수구 컨벤시아대로 69,지인한의원
인천광역시 미추홀구 독배로432번길 3,용현경희한의원
인천광역시 미추홀구 인하로 263,주안경희한의원
인천광역시 미추홀구 매소홀로 73-6,일진두드림한의원
인천광역시 부평구 장제로 352,심대성한의원
인천광역시 부평구 수변로 81,복한의원
인천광역시 부평구 경인로 858,효성한의원
인천광역시 부평구 원적로 392,박용한의원
인천광역시 연수구 청학로12번길 3,택한의원
인천광역시 서구 가정로 387,김헌일한의원
인천광역시 남동구 호구포로800번길 23,경희한의원
인천광역시 남동구 논고개로 80,맑은숲한의원 인천논현
인천광역시 남동구 호구포로 221,관수당한의원
인천광역시 남동구 만수로 71,국승민한의원
인천광역시 남동구 만수서로 52,드림한의원
인천광역시 남동구 인주대로 580,코비한의원 인천점
인천광역시 미추홀구 매소홀로 474,참한의원
인천광역시 남동구 인주대로 545-1,예인한의원
인천광역시 남동구 논고개로 87,연성한의원
인천광역시 부평구 부일로 87,솔찬한의원
인천광역시 미추홀구 인주대로 460,현한의원
인천광역시 부평구 평천로 389,박영준경희한의원
인천광역시 서구 원당대로 660,규림한의원 인천점
인천광역시 남동구 구월남로 163,경희청담한의원
인천광역시 계양구 오조산로57번길 7,영재한의원
인천광역시 부평구 광장로4번길 11,더봄한의원 부평점
인천광역시 미추홀구 토금남로 13,제선당한의원
인천광역시 부평구 부평문화로 43,김경태한의원
인천광역시 서구 가정로 297,경희약손한의원
인천광역시 연수구 송도문화로28번길 28,건강드림한의원
인천광역시 연수구 용담로 153,맑은샘한의원
인천광역시 미추홀구 석산로 12,모아한의원 인천점
인천광역시 서구 중봉대로 588,덕인한의원
인천광역시 미추홀구 염창로 42,성심한의원
인천광역시 부평구 경원대로 1404,밝은빛한의원
인천광역시 서구 중봉대로 602,청라아이맘한의원
인천광역시 서구 원당대로 841,원당프라임한의원
인천광역시 미추홀구 소성로 88,다난한의원
인천광역시 부평구 시장로 55-1,부평백세한의원
인천광역시 미추홀구 인주대로 127,박지영한의원
인천광역시 남동구 호구포로 796,소아랑한의원
인천광역시 남동구 인하로507번길 74,발머스한의원 인천
인천광역시 남동구 구월로 62,경희온유한의원
인천광역시 남동구 호구포로 818,민들레한의원
인천광역시 남동구 인하로489번길 4,후한의원 인천점
인천광역시 연수구 해돋이로 168-2,더경희한의원
인천광역시 연수구 앵고개로254번길 23,사암명인한의원
인천광역시 미추홀구 경인로 433,안세한의원
인천광역시 미추홀구 미추홀대로 581,신기한의원
인천광역시 연수구 앵고개로 262,박정식한의원
인천광역시 미추홀구 매소홀로 355,다솜한의원
인천광역시 남동구 백범로 123,청원한의원
인천광역시 연수구 해돋이로 168-5,지씨한의원
인천광역시 남동구 석정로 515,청명한의원
인천광역시 연수구 해돋이로 165,송도본한의원
인천광역시 연수구 해돋이로 107,인천송도 리아한의원
인천광역시 연수구 하모니로178번길 6,김상호한의원
인천광역시 미추홀구 인하로 259,소나무한의원
인천광역시 연수구 청능대로 124,동춘한의원
인천광역시 남동구 인주대로 582,가로세로한의원 인천점
인천광역시 부평구 경인로 948,경희삼성한의원
인천광역시 연수구 센트럴로 194,송도단비한의원
인천광역시 계양구 용종로 8,경희수한의원
인천광역시 남동구 구월로 212,도원한의원
인천광역시 미추홀구 인하로 276,감초당한의원
인천광역시 남동구 복개서로89번길 34,구월튼튼한의원
인천광역시 남동구 에코중앙로156번길 5-33,늘푸른한의원
인천광역시 서구 봉화로 51,경희다정한의원
인천광역시 서구 가경주로 46,365스마일한의원
인천광역시 서구 검단로502번길 1,민경준한의원
인천광역시 연수구 컨벤시아대로 81,인천송도 더율한의원
인천광역시 남동구 구월로372번길 93,해인한의원
인천광역시 연수구 인천타워대로54번길 9,경희다인한의원
인천광역시 부평구 세월천로 55,백제한의원
인천광역시 계양구 경명대로 1048,미소삼대한의원
인천광역시 부평구 부평대로 102,백두산한의원
인천광역시 남동구 백범로 400,김현중한의원
인천광역시 중구 하늘별빛로 71,단비한의원
인천광역시 남동구 호구포로 220,튼튼가족한의원
인천광역시 서구 가정로 204,거북한의원
인천광역시 부평구 장제로 171,늘편안한의원
인천광역시 계양구 주부토로472번길 11,다나한의원
인천광역시 서구 가정로 216,석남한의원
인천광역시 서구 율도로 25,청라신현한의원
인천광역시 남동구 논고개로 81,백초향한의원
인천광역시 서구 원적로96번길 26,좋은아침한의원
인천광역시 부평구 부평대로 89,희성한의원
인천광역시 남동구 에코중앙로156번길 5-15,에코한의원
인천광역시 계양구 형제봉길 57,정한의원
인천광역시 부평구 부평대로167번길 54,한결한의원
인천광역시 남동구 소래역로 46,향림한의원
인천광역시 부평구 동암남로 4,보창한의원
인천광역시 서구 중봉대로612번길 10-17,청라리아한의원
인천광역시 서구 원당대로 860,바른맥한의원
인천광역시 서구 청라라임로 71,신농씨한의원
인천광역시 서구 청라라임로 51,봄날한의원
인천광역시 서구 청마로167번길 8,봄한의원
인천광역시 부평구 평천로 324,솔한의원
인천광역시 계양구 계양대로 38,선한의원
인천광역시 계양구 장제로 895,북경동인당한의원
인천광역시 미추홀구 경인로 151,익생춘한의원
인천광역시 동구 금곡로 34,초록한의원
인천광역시 미추홀구 인하로 268,고려한의원
인천광역시 연수구 송도과학로27번길 55,캠퍼스타운한의원
인천광역시 미추홀구 경원대로 848,석바위필한의원
인천광역시 남동구 경인로 520,조은한의원
인천광역시 남동구 서창남순환로216번길 17,해님달님한의원
인천광역시 남동구 성말로13번길 15,위강한의원 인천
인천광역시 계양구 안남로 543,유송한의원
인천광역시 연수구 신송로 153,자윤한의원 인천송도
인천광역시 연수구 신송로 161,이레한의원
인천광역시 서구 완정로 179,검단한의원
인천광역시 서구 심곡로 136,경희형제한의원
인천광역시 계양구 병방시장로 78,경희으뜸한의원
인천광역시 남동구 포구로 63,소래한의원
인천광역시 계양구 장제로 877,임학한의원
인천광역시 미추홀구 낙섬중로35번길 1,약손한의원
인천광역시 부평구 안남로 261,일침한의원
인천광역시 부평구 부평문화로 151,바다한의원
인천광역시 남동구 성말로 10,일맥한의원 인천
인천광역시 미추홀구 숙골로 59,한우리한의원
인천광역시 부평구 부흥로123번길 34,큰나무한의원
인천광역시 미추홀구 경인로 386,홍한의원
인천광역시 미추홀구 능해길 11,행림한의원
인천광역시 남동구 호구포로 802,감초당 한의원
인천광역시 서구 푸른로 3,경희명한의원
인천광역시 연수구 한진로 23,제일한의원
인천광역시 연수구 송도문화로28번길 28,자연한의원
인천광역시 부평구 일신로14번길 34,인성한의원
인천광역시 서구 원당대로 859,원당한의원
인천광역시 남동구 구월로 362,천지인한의원
인천광역시 부평구 원길로 34,경희명랑한의원
인천광역시 부평구 부평북로 442,다원한의원
인천광역시 남동구 예술로 126,더바른한의원
인천광역시 남동구 구월로 376,바른한의원
인천광역시 남동구 인하로 501,하늘체한의원 인천
인천광역시 미추홀구 구월로 27,금수한의원
인천광역시 부평구 부개로 73,경희바로한의원
인천광역시 서구 청라커낼로 264,도원한의원
인천광역시 동구 송현로11번길 4,송선당한의원
인천광역시 서구 신진말로 26,다사랑한의원
인천광역시 남동구 백범로 206,만수제일한의원
인천광역시 미추홀구 경원대로 740,경희삼성한의원
인천광역시 계양구 주부토로 525,베스트한의원
인천광역시 서구 율도로 25,천지한의원
인천광역시 동구 운교로 6,화수한의원
인천광역시 부평구 마분로 4,부개삼대한의원
인천광역시 미추홀구 미추홀대로614번길 3,새봄한의원
인천광역시 서구 고래울로 4,365바로한의원
인천광역시 남동구 논고개로 93,경희논현봄한의원 인천논현
인천광역시 남동구 논고개로 77,논현한의원
인천광역시 연수구 먼우금로 190,약선당부부한의원
인천광역시 남동구 서창남순환로 223,인천서창 오케이한의원
인천광역시 미추홀구 인주대로418번길 1,세인한의원
인천광역시 계양구 오조산공원로 22,대명한의원
인천광역시 연수구 용담로 11,새생명한의원
인천광역시 부평구 청중로 66,한양한의원
인천광역시 부평구 대정로 55,청강경희한의원
인천광역시 부평구 동수로 165,보생당한의원
인천광역시 서구 검단로 474,굿모닝한의원
인천광역시 부평구 대정로 24,고려한의원
인천광역시 서구 청라라임로 65,소통부부한의원 청라
인천광역시 미추홀구 독배로 311,삼성메디한의원
인천광역시 계양구 계양대로 44,대경당한의원
인천광역시 서구 검단로 842,불로한의원
인천광역시 계양구 병방시장로 81,약손한의원
인천광역시 미추홀구 인하로 261,경희보배한의원
인천광역시 남동구 예술로 126,튼튼마디한의원 인천
인천광역시 남동구 성말로 10,한음한방신경정신과한의원 인천점
인천광역시 연수구 신송로 153,해아림한의원 인천송도점
인천광역시 남동구 예술로 126,화접몽한의원 인천
인천광역시 남동구 인하로 497-8,해율한의원 인천
인천광역시 남동구 성말로13번길 15,로아한의원 인천점
인천광역시 남동구 예술로140번길 33,다이즐한의원 인천
인천광역시 부평구 부평문화로 55,미올한의원 인천부평점
인천광역시 부평구 부평대로 15,고운결한의원 인천점
인천광역시 연수구 센트럴로 415,365송도경희한의원
인천광역시 남동구 인하로507번길 74,프리허그한의원 인천
인천광역시 남동구 인주대로 582,안아픈세상한의원
인천광역시 부평구 충선로 174,안아픈세상한의원 부평
인천광역시 부평구 부평대로 9,예한의원
인천광역시 연수구 랜드마크로 68,경희랜드마크한의원
인천광역시 서구 이음5로 60,아라365한의원
인천광역시 서구 이음대로 378,유니한의원 검단
인천광역시 남동구 장승남로 44,광생한의원
인천광역시 서구 염곡로464번길 15,루원365한의원
인천광역시 연수구 앵고개로246번길 10,둘리한의원
인천광역시 남동구 인하로507번길 18,기린한의원
인천광역시 연수구 신송로 121,청담한의원
인천광역시 동구 샛골로 123,상상한의원
인천광역시 부평구 부평대로 9,경희진한의원
인천광역시 연수구 인천타워대로 257,센트럴파크 한의원
인천광역시 서구 이음대로 392,다나음한의원 검단아라
인천광역시 서구 이음5로 34,청린한의원
인천광역시 강화군 강화읍 강화대로 412-1,유안과의원
인천광역시 계양구 계양대로 55,오안과의원
인천광역시 미추홀구 경인로 347,최영환안과의원
인천광역시 미추홀구 매소홀로 63,늘밝은안과의원
인천광역시 계양구 계양문화로 96,한빛안과의원
인천광역시 부평구 길주로 633,다봄안과의원
인천광역시 미추홀구 경인로 431,이우승안과의원
인천광역시 부평구 원적로 392,다인안과의원
인천광역시 계양구 계산새로65번길 17,연세안과의원
인천광역시 부평구 부평대로 35,한길안과병원
인천광역시 남동구 백범로 322,서울안과의원
인천광역시 남동구 호구포로 798,강남성모의원
인천광역시 남동구 만수로 47,박태용안과의원
인천광역시 부평구 경원대로 1234,박안과의원
인천광역시 미추홀구 미추홀대로719번길 4,인천성모안과의원
인천광역시 서구 가정로 202,김안과의원
인천광역시 남동구 인하로 501,삼성안과의원
인천광역시 남동구 만수로 39,김찬식안과의원
인천광역시 계양구 장제로 911,김대진안과의원
인천광역시 부평구 부평대로 11,부평밝은눈안과의원
인천광역시 중구 우현로 90,유밸안과의원
인천광역시 미추홀구 소성로 150,우성안과의원
인천광역시 미추홀구 미추홀대로 696,노광국안과의원
인천광역시 미추홀구 경원대로 869,강안과
인천광역시 중구 우현로 47,다본안과의원
인천광역시 서구 원당대로 663,검단서울안과의원
인천광역시 서구 원적로 100,다인안과의원
인천광역시 서구 가정로 363,소망안과의원
인천광역시 서구 가정로 364-1,푸른세상안과 서구센터
인천광역시 남동구 남동대로 890,간석밝은안과의원
인천광역시 계양구 계양대로 208,성모안과의원
인천광역시 계양구 계양대로 53,참빛안과의원
인천광역시 남동구 청능대로 581,논현서울안과
인천광역시 부평구 부평대로 24,성모유안과의원
인천광역시 부평구 마장로 82,부평다인안과의원
인천광역시 미추홀구 미추홀대로 573,서울안과
인천광역시 부평구 부평대로32번길 1,최충길안과의원
인천광역시 동구 송림로 96,동인천푸른세상안과의원
인천광역시 부평구 경원대로 1373,부평성모안과의원
인천광역시 연수구 독배로40번길 47,서울밝은안과의원
인천광역시 연수구 청능대로 210,연수늘밝은안과의원
인천광역시 계양구 장제로 714,나눔성모안과의원
인천광역시 남동구 인하로 497-5,푸른세상안과의원 인천본점
인천광역시 남동구 호구포로 808,구월김안과의원
인천광역시 남동구 남동대로 875,이안과의원
인천광역시 서구 완정로 187,검단다인안과의원
인천광역시 서구 중봉대로 588,빛안과의원
인천광역시 연수구 컨벤시아대로 165,연수김안과의원
인천광역시 미추홀구 경원대로 848,석바위밝은안과의원
인천광역시 남동구 논고개로123번길 17,아이선안과의원
인천광역시 중구 신도시남로 137,영종연세안과의원
인천광역시 서구 완정로 179,참밝은안과의원
인천광역시 서구 이음대로 378,인천신세계안과의원
인천광역시 서구 서곶로 293,서울안과의원
인천광역시 부평구 부평대로 35,한길안과병원 라식센터
인천광역시 계양구 오조산로 3,신안과의원
인천광역시 부평구 경원대로 1366,글로벌비전안과의원
인천광역시 미추홀구 낙섬중로 37,성모하늘빛안과의원
인천광역시 연수구 신송로 153,PNC안과의원
인천광역시 부평구 길주로 623,부평열린안과의원
인천광역시 부평구 부평문화로 87,연세바른안과의원
인천광역시 강화군 강화읍 강화대로 402,수이비인후과의원
인천광역시 계양구 주부토로 479,연세이비인후과의원
인천광역시 서구 고산후로95번길 20,원당연세이비인후과의원
인천광역시 미추홀구 경인로 462,홍이비인후과의원
인천광역시 계양구 계양문화로 96,김용주이비인후과의원
인천광역시 남동구 호구포로 798,김동석이비인후과의원
인천광역시 서구 원적로 100,다인이비인후과의원
인천광역시 중구 신도시남로 137,베스트이비인후과의원
인천광역시 미추홀구 독배로 422,김이비인후과의원
인천광역시 남동구 남동대로 889-1,담도영이비인후과의원
인천광역시 서구 완정로 187,윤이비인후과의원
인천광역시 연수구 독배로 41,이강범이비인후과의원
인천광역시 계양구 경명대로 1115,이종우이비인후과의원
인천광역시 연수구 앵고개로264번길 30-4,모아이비인후과의원
인천광역시 서구 원적로 85,연세이비인후과의원
인천광역시 계양구 아나지로417번길 20,연세모아이비인후과의원
인천광역시 미추홀구 인하로 275,서울이비인후과의원
인천광역시 연수구 한진로 23,연세이비인후과의원
인천광역시 남동구 담방로 45,바른삼성이비인후과
인천광역시 남동구 남동대로 875,김석도이비인후과의원
인천광역시 부평구 경원대로 1242,다인이비인후과병원
인천광역시 미추홀구 미추홀대로 561,우리이비인후과의원
인천광역시 부평구 안남로222번길 27,윤이비인후과의원
인천광역시 동구 샛골로 155,신오범이비인후과의원
인천광역시 부평구 부평문화로 55,새롬이비인후과
인천광역시 미추홀구 낙섬중로 50,선이비인후과의원
인천광역시 연수구 원인재로 286,도담이비인후과의원
인천광역시 연수구 앵고개로264번길 10-1,굿모닝이비인후과의원
인천광역시 계양구 효서로 233-1,배규정이비인후과의원
인천광역시 계양구 장제로 912,코코로이비인후과의원
인천광역시 미추홀구 독배로 311,박이비인후과의원
인천광역시 연수구 신송로 121,에코이비인후과
인천광역시 부평구 굴포로 42,강이비인후과의원
인천광역시 부평구 열우물로 51,동암연세이비인후과의원
인천광역시 미추홀구 인하로 269,열린이비인후과의원
인천광역시 남동구 만수로 47,유태선이비인후과의원
인천광역시 계양구 안남로 548,서이비인후과의원
인천광역시 남동구 문화서로4번길 2,최이비인후과의원
인천광역시 계양구 용종로 2,홍혜준이비인후과의원
인천광역시 서구 가정로 372,상이비인후과
인천광역시 부평구 부평대로 21,신이비인후과의원
인천광역시 미추홀구 경원대로 869,이근해이비인후과의원
인천광역시 계양구 계산새로65번길 17,서울이비인후과의원
인천광역시 연수구 청능대로 103,성수이비인후과의원
인천광역시 동구 송림로 93-1,서울이비인후과의원
인천광역시 계양구 장제로 907,코비코이비인후과의원
인천광역시 미추홀구 경인로 344,선우이비인후과의원
인천광역시 남동구 장승남로 54,송승용이비인후과의원
인천광역시 남동구 구월로 212,우리이비인후과의원
인천광역시 서구 청마로 163,미래이비인후과의원
인천광역시 연수구 용담로 11,신이비인후과의원
인천광역시 서구 장고개로337번길 16,연세인이비인후과의원
인천광역시 서구 검단로 842,행복한이비인후과의원
인천광역시 미추홀구 소성로 150,코코이비인후과의원
인천광역시 남동구 논고개로123번길 17,논현한사랑이비인후과
인천광역시 남동구 논고개로 121,코아이비인후과의원
인천광역시 부평구 후정동로 35,윤종욱이비인후과의원
인천광역시 부평구 열우물로 54,오사랑이비인후과의원
인천광역시 미추홀구 인하로 261,시원한이비인후과의원
인천광역시 남동구 인하로 497-8,두리이비인후과 인천점
인천광역시 부평구 부평북로 446,푸른이비인후과의원
인천광역시 부평구 경원대로 1234,오영택이비인후과의원
인천광역시 서구 완정로 179,고영승이비인후과의원
인천광역시 남동구 호구포로 220,심연세이비인후과의원
인천광역시 부평구 원적로 392,박이비인후과의원
인천광역시 부평구 체육관로 30,삼산연세이비인후과의원
인천광역시 중구 우현로 75,열린이비인후과의원
인천광역시 연수구 컨벤시아대로 69,코아이비인후과의원
인천광역시 부평구 길주로 623,코코이비인후과의원
인천광역시 동구 송림로 96,송림이비인후과의원
인천광역시 남동구 에코중앙로156번길 5-23,열린이비인후과의원
인천광역시 남동구 만수서로 56,만수서울이비인후과의원
인천광역시 중구 흰바위로 41,참이비인후과의원
인천광역시 서구 서곶로 823,코안이비인후과의원
인천광역시 서구 서곶로 293,참이비인후과의원
인천광역시 서구 완정로 35,수이비인후과의원
인천광역시 부평구 부평대로 19-1,원더이비인후과의원
인천광역시 부평구 장제로 62,새봄이비인후과의원
인천광역시 남동구 호구포로 794-1,메이플이비인후과의원
인천광역시 미추홀구 소성로 136,정이비인후과의원
인천광역시 연수구 해돋이로 168,송도센트럴이비인후과의원
인천광역시 서구 푸른로 3,청라준이비인후과의원
인천광역시 연수구 용담로 115,한빛이비인후과의원
인천광역시 남동구 석산로 156,간석연세이비인후과의원
인천광역시 남동구 서창남순환로 222,상쾌한이비인후과의원
인천광역시 서구 중봉대로 588,코아이비인후과의원
인천광역시 미추홀구 미추홀대로 700,이병홍이비인후과의원
인천광역시 중구 하늘별빛로 75,수이비인후과의원
인천광역시 서구 청라루비로 93,바로이비인후과의원
인천광역시 부평구 길주로494번길 26,서울성모이비인후과의원
인천광역시 서구 봉오재3로 44,열린이비인후과의원
인천광역시 부평구 주부토로 82,코앤미이비인후과의원
인천광역시 계양구 동양로 101,탑이비인후과의원
인천광역시 연수구 송도국제대로 261,이솜이비인후과의원
인천광역시 부평구 길주남로 159,김병철이비인후과의원
인천광역시 남동구 용천로 157,연세이비인후과의원
인천광역시 서구 이음5로 60,두리이비인후과의원
인천광역시 서구 이음대로 378,검단연세이비인후과의원
인천광역시 연수구 랜드마크로 68,베스트이비인후과의원
인천광역시 연수구 센트럴로 415,늘이비인후과의원
인천광역시 계양구 봉오대로 668,BS코아이비인후과의원
인천광역시 서구 가정로 437,성모루원수이비인후과의원
인천광역시 남동구 논고개로123번길 17,한사랑이비인후과의원
인천광역시 연수구 해돋이로 168-2,송도코엔이비인후과의원
인천광역시 서구 거북로 104,천이비인후과의원
인천광역시 서구 가정로 375,맑은코아이비인후과의원
인천광역시 서구 승학로 491,늘푸른연세이비인후과의원
인천광역시 남동구 서창남순환로 223,서창 코아이비인후과의원
인천광역시 중구 하늘달빛로 94,영종바른이비인후과의원
인천광역시 미추홀구 경원대로 858,코아이비인후과의원
인천광역시 남동구 만수로 39,이이비인후과의원
인천광역시 연수구 컨벤시아대로130번길 14,송도탑이비인후과의원
인천광역시 남동구 인하로 497-5,미래이비인후과의원
인천광역시 미추홀구 숙골로 114,도화서울이비인후과의원
인천광역시 남동구 서창남순환로215번길 48,연세짱이비인후과의원
인천광역시 서구 승학로 497,보아스이비인후과의원
인천광역시 남동구 예술로 138,서울이비인후과의원
인천광역시 계양구 계양대로 214,예그린이비인후과의원
인천광역시 서구 이음대로 392,솔솔이비인후과의원
인천광역시 강화군 내가면 해안서로 964,예담병원
인천광역시 계양구 계산새로65번길 17,임태식신경정신과의원
인천광역시 미추홀구 미추홀대로 708,한동수신경정신과의원
인천광역시 미추홀구 경인로 462,김종억신경정신과의원
인천광역시 부평구 부평대로 51,김신경정신과의원
인천광역시 미추홀구 인하로 275,신광철정신건강의학과의원
인천광역시 미추홀구 미추홀대로 634,서원벽신경정신과의원
인천광역시 부평구 부평대로 38,윤충한정신건강의학과의원
인천광역시 미추홀구 인하로 264,신기고려정형외과정신건강의학과의원
인천광역시 남동구 남동대로 889,성가신경과의원
인천광역시 서구 원창로240번길 9,인천참사랑병원
인천광역시 미추홀구 경인로 399-1,황원준정신건강의학과의원
인천광역시 부평구 열우물로 21,최기은정신건강의학과의원
인천광역시 중구 참외전로 134,고정선정신건강의학과의원
인천광역시 부평구 길주로 655,글로리병원
인천광역시 남동구 인하로489번길 28,서울정신건강의학과의원
인천광역시 남동구 성말로13번길 15,미래정신과의원
인천광역시 부평구 부평대로 68,공감정신과의원
인천광역시 남동구 구월남로 174,김영익정신과의원
인천광역시 계양구 장제로 800,삼정병원
인천광역시 부평구 부평대로 33,정건연세정신과의원
인천광역시 서구 심곡로132번길 21-1,인천광역시립노인치매요양병원
인천광역시 미추홀구 경인로 431,조규형신경정신과의원
인천광역시 연수구 앵고개로 250,박무헌정신과의원
인천광역시 미추홀구 아암대로 109,지성병원
인천광역시 남동구 남동대로922번길 54,새희망병원
인천광역시 남동구 호구포로 808,행복드림의원
인천광역시 남동구 구월남로 172,이승희정신건강의학과의원
인천광역시 연수구 인천타워대로 251,해솔정신과의원
인천광역시 계양구 경명대로 1088,연세정신건강의학과의원
인천광역시 서구 중봉대로586번길 9-4,마음행복정신건강의학과의원
인천광역시 서구 청마로167번안길 17,블레스병원
인천광역시 미추홀구 인하로 372,원병원
인천광역시 서구 이음대로 388,맑은마음의원
인천광역시 연수구 하모니로178번길 6,송도삼성 정신건강의학과의원
인천광역시 계양구 장제로 899-1,송헌일토닥토닥정신건강의학과의원
인천광역시 남동구 논고개로 114,가로수정신건강의학과의원
인천광역시 부평구 부평대로 24,부평숲정신건강의학과의원
인천광역시 서구 원당대로 860,더조은정신건강의학과의원
인천광역시 계양구 오조산로 11,의료법인보람의료재단보람병원
인천광역시 남동구 소래역로 42,의료법인정진의료재단영화병원
인천광역시 연수구 독배로 49,밝은마음정신건강의학과의원
인천광역시 계양구 계양대로 56,함소아한의원 계양점
인천광역시 남동구 예술로 126,함소아한의원 인천
인천광역시 연수구 해돋이로 107,송도함소아한의원
인천광역시 부평구 부평대로 55,함소아한의원 부평점
인천광역시 서구 청라에메랄드로 94,함소아한의원 인천청라
인천광역시 미추홀구 한나루로 411,정항재신경과의원
인천광역시 부평구 부평문화로 61,방성우신경과의원
인천광역시 부평구 경원대로 1436,푸른솔신경과의원
인천광역시 남동구 남동대로 892,미래신경과의원
인천광역시 남동구 청능대로 581,논현신경과의원
인천광역시 서구 심곡로100번길 25,가톨릭관동대학교 국제성모병원
인천광역시 부평구 동수로 56,가톨릭대학교 인천성모병원
인천광역시 부평구 동수로 56,가톨릭대학교 인천성모병원 뇌병원
인천광역시 강화군 강화읍 중앙로 45,강화신경외과의원
인천광역시 부평구 마장로 314,중앙신경외과의원
인천광역시 미추홀구 인하로 301,두리신경외과의원
인천광역시 계양구 경명대로 1138,안창호신경외과
인천광역시 서구 원적로 103,가좌신경외과의원
인천광역시 부평구 장제로 156,나누리병원 인천
인천광역시 부평구 평천로 402,바른신경외과의원
인천광역시 계양구 계양대로 55,홍도신경외과의원
인천광역시 남동구 성말로13번길 15,장수찬신경외과의원
인천광역시 연수구 용담로 115,성모신경외과의원
인천광역시 미추홀구 소성로 136,탑신경외과
인천광역시 서구 가정로 287,김성철신경외과의원
인천광역시 미추홀구 인주대로 485,나누리병원 주안
인천광역시 연수구 신송로 161,바른나무신경외과의원
인천광역시 미추홀구 경인로 293,손신경외과의원
인천광역시 부평구 부평대로 109-1,인강신경외과의원
인천광역시 남동구 호구포로 830,153신경외과의원
인천광역시 미추홀구 낙섬서로 4,세영여성크리닉
인천광역시 강화군 송해면 강화대로 902,한길요양병원
인천광역시 강화군 송해면 강화대로 743,강화희망요양병원
인천광역시 강화군 강화읍 강화대로393번길 5,올바른요양병원
인천광역시 강화군 길상면 강화동로 181,강화요양병원
인천광역시 남동구 구월로 135,라임요양병원
인천광역시 미추홀구 한나루로 591,오름요양병원
인천광역시 연수구 능허대로 235,송도효자병원
인천광역시 계양구 계양대로 188,예진요양병원
인천광역시 부평구 장제로 175,더필잎요양병원
인천광역시 중구 개항로 82,의료법인예지의료재단예지요양병원 인천점
인천광역시 미추홀구 인주대로 432,신주안요양병원
인천광역시 남동구 논고개로123번길 17,새인천요양병원
인천광역시 남동구 구월로 305,고려요양병원
인천광역시 부평구 마장로 449,부평성심요양병원
인천광역시 계양구 드림로 852,인천제2시립노인전문병원
인천광역시 계양구 아나지로 378,성로요양병원
인천광역시 부평구 부흥로 329,부평세연요양병원
인천광역시 미추홀구 경인로 302,도화요양병원
인천광역시 남동구 논고개로 77,뿌리요양병원
인천광역시 계양구 아나지로 306,신성요양병원
인천광역시 부평구 장제로 129,올리브요양병원
인천광역시 계양구 오조산로57번길 11-1,청구요양병원
인천광역시 미추홀구 주안로 211,로뎀요양병원
인천광역시 중구 우현로62번길 30,인천삼성요양병원
인천광역시 미추홀구 미추홀대로 699,인일요양병원
인천광역시 계양구 주부토로 494,브니엘요양병원
인천광역시 남동구 미래로 45,더행복요양병원
인천광역시 남동구 앵고개로948번길 4,이편안인천요양병원
인천광역시 미추홀구 아암대로253번길 36,송도하나요양병원
인천광역시 미추홀구 인주대로 452,금강요양병원
인천광역시 서구 열우물로 235,청담요양병원
인천광역시 중구 연안부두로21번길 11-12,고은요양병원
인천광역시 중구 영종대로 106,힐락암요양병원
인천광역시 남동구 남동대로 797,가온요양병원
인천광역시 부평구 마장로 68,백운요양병원
인천광역시 미추홀구 경인로 400,인천사랑요양병원
인천광역시 미추홀구 아암대로 53,세인트요양병원
인천광역시 미추홀구 한나루로 505,미추홀숲요양병원
인천광역시 남동구 백범로 403,해밀병원
인천광역시 서구 염곡로464번길 11,서울대효청라요양병원 인천청라
인천광역시 연수구 옥련로 29,송도베스트요양병원
인천광역시 중구 월미문화로 16,민들레의원
인천광역시 남동구 인주대로 806,봄날요양병원
인천광역시 연수구 벚꽃로 114,로하스인천요양병원
인천광역시 계양구 안남로 538,효성요양병원
인천광역시 남동구 서창남순환로216번길 46,효민요양병원
인천광역시 부평구 장제로 73,참사랑노인간호센터
인천광역시 서구 고산후로121번길 19,나무요양병원
인천광역시 남동구 호구포로 212,인천아산요양병원
인천광역시 계양구 장제로 672,새봄요양병원
인천광역시 서구 봉오재3로110번길 7,청라베스트요양병원
인천광역시 남동구 경인로 520,라이온요양병원
인천광역시 서구 로봇랜드로249번길 14,감인의료재단 청라백세요양병원
인천광역시 계양구 계산새로 71,빅토리아요양병원
인천광역시 서구 고산후로 97,인천삼성의료소비자생활협동조합미가요양병원
인천광역시 남동구 소래역남로16번길 20,나은요양병원
인천광역시 남동구 논고개로123번길 35,의료법인 정강의료재단 위드미요양병원
인천광역시 남동구 예술로 206,그린케어요양원
인천광역시 미추홀구 인주대로 432,의료법인정준의료재단
인천광역시 남동구 호구포로 214,인천수요양병원
인천광역시 남동구 논현로26번길 6,스마일요양병원
인천광역시 부평구 부흥북로57번길 40-16,어울림재가요양센터
인천광역시 서구 도곡로 172-5,서온요양병원
인천광역시 미추홀구 용정공원로 33,노인전문요양병원
인천광역시 남동구 인주대로 851,노인전문요양병원
인천광역시 남동구 선수촌공원로 104,노인전문요양병원
인천광역시 미추홀구 경원대로 891,인천원광효도요양병원
인천광역시 연수구 용담로 118,희망찬요양병원
인천광역시 강화군 강화읍 동문안길 9-1,드림 소아청소년과의원
인천광역시 계양구 경명대로1114번길 21,강소아청소년과의원
인천광역시 남동구 남동대로 890,노상수소아청소년과의원
인천광역시 부평구 주부토로 231,푸른소아청소년과의원
인천광역시 계양구 봉오대로 743,이영은소아청소년과의원
인천광역시 부평구 길주남로 159,메디베베소아청소년과의원
인천광역시 남동구 호구포로 921,이형원소아청소년과의원
인천광역시 부평구 경원대로 1415,곽소아청소년과의원
인천광역시 남동구 호구포로535번길 24,정우식소아청소년과의원
인천광역시 서구 서달로 159,이승철소아과의원
인천광역시 계양구 경명대로 1074,꿈나무소아청소년과의원
인천광역시 계양구 효서로 385,김상정소아과의원
인천광역시 계양구 주부토로 374,우리소아청소년과
인천광역시 남동구 장승남로 38,염도학소아과의원
인천광역시 서구 청마로167번길 8,우리소아과의원
인천광역시 미추홀구 인하로 273,이진숙소아과의원
인천광역시 남동구 함박뫼로 441,양소아청소년과의원
인천광역시 서구 거북로 98,유앤박소아과의원
인천광역시 계양구 도두리로 46,아루카소아청소년과의원
인천광역시 미추홀구 석정로 300,도화연세소아과의원
인천광역시 계양구 계양문화로 96,한소망소아과의원
인천광역시 서구 가정로 388,엄마와아이들소아청소년과산부인과의원
인천광역시 연수구 독배로40번길 43,연세꾸러기소아청소년과의원
인천광역시 남동구 구월남로 280,고은소아청소년과의원
인천광역시 남동구 호구포로 794-1,연세똘똘이소아청소년과의원
인천광역시 부평구 경원대로 1238,박소아청소년과의원
인천광역시 연수구 앵고개로 254,우리들소아청소년과의원
인천광역시 계양구 장제로875번길 1,아이플러스소아청소년과의원
인천광역시 부평구 부평문화로 43,부평아이들소아청소년과의원
인천광역시 연수구 용담로 11,박소아청소년과의원
인천광역시 부평구 길주남로 157,박소영소아청소년과의원
인천광역시 남동구 방축로 503,맹소아청소년과의원
인천광역시 서구 검단로 842,우리미래소아청소년과의원
인천광역시 미추홀구 토금남로 53,연세소아과의원
인천광역시 미추홀구 인하로 251,이하영소아과의원
인천광역시 남동구 논고개로123번길 45,조수신소아청소년과의원
인천광역시 서구 원적로 100,가좌연세소아과의원
인천광역시 남동구 매소홀로 1137,봄빛소아청소년과의원
인천광역시 남동구 독점로30번길 1,도담소아청소년과의원
인천광역시 서구 원당대로 859,연세두리소아청소년과의원
인천광역시 계양구 장제로 911,최낙원소아청소년과의원
인천광역시 미추홀구 아암대로29번길 86,변화진소아청소년과의원
인천광역시 미추홀구 매소홀로 338,준소아과의원
인천광역시 미추홀구 한나루로 360,메디양소아과의원
인천광역시 남동구 만수로 63,소화소아청소년과
인천광역시 미추홀구 주안로 226,최앤박소아청소년과의원
인천광역시 부평구 장제로 176,명의원
인천광역시 서구 검단로 500,연세소아청소년과의원
인천광역시 연수구 인천타워대로54번길 13,이화웰봄소아청소년과의원
인천광역시 부평구 동수천로 112,이상엽소아청소년과의원
인천광역시 연수구 청능대로 103,이성문소아청소년과의원
인천광역시 부평구 부평북로 442,은혜소아청소년과의원
인천광역시 부평구 안남로222번길 27,김소아청소년과의원
인천광역시 부평구 길주로 635,행복한소아청소년과의원
인천광역시 서구 청라라임로 71,해맑은소아청소년과의원
인천광역시 서구 청라라임로 51,아이비소아청소년과의원
인천광역시 서구 건지로 402,삼성키즈소아청소년과의원
인천광역시 동구 송미로 7,봄소아청소년과의원
인천광역시 남동구 앵고개로847번길 64,딸기소아청소년과의원
인천광역시 남동구 만수서로 56,연세 수소아청소년과의원
인천광역시 남동구 석산로 159,키즈웰소아청소년과
인천광역시 계양구 양지로 133,연세365소아청소년과의원
인천광역시 연수구 신송로 161,연세플러스소아청소년과의원
인천광역시 남동구 만수서로 52,최은혜소아청소년과의원
인천광역시 남동구 인하로 607,이화웰소아청소년과의원
인천광역시 연수구 해돋이로 161,송도미소소아청소년과의원
인천광역시 남동구 선수촌로 37,연세아이(i)소아청소년과의원
인천광역시 남동구 구월로 212,꿈나무들소아청소년과의원
인천광역시 남동구 논고개로 61,튼튼소아청소년과의원
인천광역시 연수구 독배로 42,꼬꼬마소아청소년과의원
인천광역시 계양구 양지로 40,새롬소아청소년과의원
인천광역시 부평구 부평문화로 55,우리소아청소년과의원
인천광역시 계양구 계양대로 44,행복한소아청소년과의원
인천광역시 미추홀구 독배로 311,초록소아청소년과의원
인천광역시 서구 서곶로 293,이동희소아청소년과의원
인천광역시 연수구 컨벤시아대로230번길 42,아라소아청소년과의원
인천광역시 미추홀구 인하로 296,박용주소아과
인천광역시 서구 청마로19번길 20,권창규소아청소년과의원
인천광역시 남동구 논고개로 71,리앤아이소아청소년과의원
인천광역시 미추홀구 낙섬중로 37,김원배소아청소년과의원
인천광역시 남동구 호구포로 818,다정한소아청소년과의원
인천광역시 부평구 동수로 125,꾸러기소아청소년과의원
인천광역시 남동구 논고개로 101,이앤박이비인후과의원
인천광역시 서구 이음5로 60,연세기린소아청소년과의원
인천광역시 서구 이음대로 378,꿈꾸는소아청소년과의원
인천광역시 서구 서곶로 754,이푸른소아청소년과의원
인천광역시 연수구 앵고개로264번길 30-4,모아소아청소년과가정의학과의원
인천광역시 미추홀구 토금중로40번길 11,연세연합소아청소년과의원
인천광역시 부평구 마장로 287,이창수소아청소년과의원
인천광역시 서구 이음1로 383,튼튼나무소아청소년과의원
인천광역시 미추홀구 매소홀로 470,인하소아과의원
인천광역시 미추홀구 숙골로 114,그린소아청소년과의원
인천광역시 연수구 앵고개로264번길 46,연세e소아청소년과의원
인천광역시 계양구 장제로 910,성모별소아청소년과의원
인천광역시 계양구 주부토로 374,이레소아청소년과의원
인천광역시 남동구 서창남순환로215번길 48,연세짱소아청소년과의원
인천광역시 서구 검단로 480,미래안소아청소년과의원
인천광역시 남동구 논고개로123번길 17,서울365소아청소년과의원
인천광역시 부평구 마장로324번길 8-19,김성화소아청소년과의원
인천광역시 부평구 안남로 261,튼튼소아과의원
인천광역시 부평구 일신로14번길 24,명소아청소년과의원
인천광역시 남동구 서창남순환로 223,밝은미래소아청소년과의원
인천광역시 서구 솔빛로 24,청라튼튼소아청소년과의원
인천광역시 남동구 서창남순환로 222,연세봄소아청소년과의원
인천광역시 미추홀구 독배로317번길 23,나무두리소아청소년과의원
인천광역시 중구 흰바위로 31,튼튼소아청소년과의원
인천광역시 서구 중봉대로612번길 10-16,청라연세어린이병원
인천광역시 중구 흰바위로 51,모아연합소아청소년과의원
인천광역시 서구 승학로 567,사과나무소아청소년과의원
인천광역시 연수구 아트센터대로 87,송도그린소아청소년과의원
인천광역시 서구 심곡로132번길 21,은혜병원
인천광역시 강화군 강화읍 강화대로 395,본의원
인천광역시 남동구 서창남순환로 222,명의원
인천광역시 남동구 예술로 126,구월 톡스앤필의원
인천광역시 미추홀구 토금남로 53,연세아름필의원
인천광역시 부평구 길주로 633,부평고운세상피부과
인천광역시 중구 신도시남로 137,해맑은의원
인천광역시 부평구 부평대로 36-1,조진호피부과의원
인천광역시 계양구 경명대로 1043,선피부과의원 계양점
인천광역시 미추홀구 경인로 431-1,한종배피부과의원
인천광역시 남동구 만수로 43,홍피부과의원
인천광역시 연수구 원인재로 286,변피부과의원
인천광역시 부평구 부평대로 26,티아라의원
인천광역시 부평구 부평대로 59,고익준피부과의원
인천광역시 계양구 효서로 53,세브란스의원
인천광역시 계양구 계산새로 71,인천고운세상피부과
인천광역시 부평구 경원대로 1238,메디에스의원
인천광역시 계양구 계산새로65번길 17,차명수연세피부과의원
인천광역시 중구 우현로 88,연세비뇨기과의원
인천광역시 서구 완정로 153,오라클피부과의원 검단점
인천광역시 남동구 청능대로 581,연세예피부과의원
인천광역시 남동구 청능대로 583,지오피부과의원
인천광역시 남동구 예술로 138,인천CNP차앤박피부과
인천광역시 서구 가정로 363,미라클비뇨기과의원
인천광역시 남동구 인하로 501,세이미피부과의원
인천광역시 남동구 호구포로 796,솔의원
인천광역시 남동구 인하로507번길 9,마리의원
인천광역시 부평구 경원대로 1401,미앤미의원 부평
인천광역시 남동구 남동대로 900,사랑해차의원
인천광역시 부평구 경원대로 1405,타임의원
인천광역시 남동구 인하로489번길 10,트렌드의원
인천광역시 남동구 남동대로 893,이지피부과
인천광역시 미추홀구 미추홀대로 716,메인의원
인천광역시 부평구 체육관로 24,장의원
인천광역시 연수구 컨벤시아대로 69,송도스타피부과의원
인천광역시 연수구 앵고개로 250,김운호피부과의원
인천광역시 부평구 안남로222번길 27,하얀나라피부과의원
인천광역시 부평구 길주로 633,전비뇨기과의원
인천광역시 계양구 봉오대로555번길 14,미소의원
인천광역시 연수구 컨벤시아대로 81,신비라인의원 송도
인천광역시 남동구 성말로 10,세란피부과의원
인천광역시 남동구 성말로13번길 15,서울수피부과의원
인천광역시 부평구 부평대로 89,마인미의원
인천광역시 남동구 인하로507번길 1,미앤미의원 구월
인천광역시 미추홀구 낙섬서로 4,수피부과의원
인천광역시 미추홀구 제일로 38,주안참고운의원
인천광역시 남동구 호구포로 818,예미안피부과의원
인천광역시 남동구 남동대로 892,장피부과의원
인천광역시 부평구 부평대로 12,미앤아이의원 부평점
인천광역시 서구 중봉대로 594,휴먼피부과의원 청라점
인천광역시 서구 서곶로 281,이너스피부과의원
인천광역시 서구 청라에메랄드로 78,청라의원
인천광역시 부평구 부평대로 21,톡스앤필의원 인천부평
인천광역시 서구 청라라임로 65,파크뷰의원 청라점
인천광역시 연수구 신송로 166,연세마이미의원
인천광역시 남동구 호구포로 920,웰연합의원
인천광역시 연수구 센트럴로 263,휴먼피부과의원 송도점
인천광역시 부평구 부평대로 9,비엘클리피부과의원
인천광역시 서구 건지로 402,이룸의원
인천광역시 부평구 경원대로 1382,아비쥬의원 부평
인천광역시 남동구 인하로507번길 4,아비쥬의원 인천구월
인천광역시 중구 흰바위로 31,아가파의원 영종도점
인천광역시 연수구 센트럴로 160,피어봄의원
인천광역시 남동구 인하로 497-22,리버스의원 인천구월
인천광역시 연수구 센트럴로 194,리더스피부과의원 송도
인천광역시 남동구 성말로13번길 15,아이윌의원 인천
인천광역시 남동구 인하로 497-8,뷰티엠의원 인천구월
인천광역시 서구 원당대로 840,닥터킨베인의원
인천광역시 연수구 컨벤시아대로230번길 42,제이웰의원
인천광역시 미추홀구 경원대로 869,리앤리의원
인천광역시 서구 청라루비로 93,킵슨의원
인천광역시 연수구 청능대로 103,김지현피부과의원
인천광역시 부평구 경원대로 1409,닥터디자이너의원 부평점
인천광역시 부평구 경원대로 1412,메이드유의원 부평점
인천광역시 남동구 예술로 126,오라클피부과의원 구월점
인천광역시 연수구 신송로 153,클렌피부과의원 송도점
인천광역시 서구 원적로 85,고은미래의원 인천점
인천광역시 부평구 광장로4번길 11,엘레슈의원 인천부평
인천광역시 연수구 컨벤시아대로 69,미앤아이의원 송도
인천광역시 남동구 인하로489번길 16,미의원 인천구월점
인천광역시 연수구 하모니로 158,파크뷰의원 송도
인천광역시 연수구 컨벤시아대로 81,BLS의원 인천송도
인천광역시 서구 중봉대로 610,클린업피부과의원 인천청라
인천광역시 연수구 용담로 115,휴의원
인천광역시 남동구 예술로 126,예쁨주의쁨의원 인천
인천광역시 부평구 부평대로 16,포에버의원 인천부평점
인천광역시 부평구 경원대로 1409,나인의원 부평
인천광역시 미추홀구 독배로 311,맑고고운의원 본점
인천광역시 서구 이음대로 378,리멤버피부과의원 인천검단
인천광역시 남동구 인하로 515,오르S의원
인천광역시 남동구 인하로507번길 4,케이톡스의원 인천구월
인천광역시 서구 이음대로 392,오라클피부과의원 인천아라점
인천광역시 부평구 부평대로 11,부평예쁨주의쁨의원
인천광역시 연수구 하모니로178번길 6,송도오라클피부과의원
인천광역시 중구 인항로 27,인하대병원
인천광역시 부평구 광장로 16,부평메트로성형외과의원
인천광역시 남동구 인주대로 593,엘리트성형외과의원
인천광역시 중구 우현로 34,김원택성형외과의원
인천광역시 부평구 부평대로 25,류병훈성형외과의원
인천광역시 남동구 남동대로 899,이젠성형외과의원
인천광역시 부평구 부평대로 17-1,금세형성형외과의원
인천광역시 연수구 앵고개로 262,장효죽성형외과의원
인천광역시 부평구 경원대로 1404,그랑프리메디의원
인천광역시 부평구 부평대로 3,란성형외과의원
인천광역시 남동구 예술로 138,2010성형외과
인천광역시 남동구 성말로 10,닥터정앤박날씬클리닉
인천광역시 남동구 성말로 10,다듬성형외과의원
인천광역시 남동구 인하로507번길 14,미래로성형외과의원
인천광역시 부평구 부평대로 6,박치영성형외과의원
인천광역시 계양구 경명대로 1096,고센의원
인천광역시 연수구 용담로 153,참조은성형외과
인천광역시 부평구 부평대로 24,가나성형외과의원
인천광역시 서구 가정로 364-1,명메디칼스킨남성의원
인천광역시 남동구 인하로 497-8,인천신세계성형외과의원
인천광역시 연수구 용담로 136,새롬성형외과
인천광역시 부평구 부평대로 5,라벨성형외과의원
인천광역시 남동구 인하로 515,오르성형외과의원
인천광역시 부평구 부평문화로 55,세인트성형외과의원
인천광역시 남동구 성말로 10,세란성형외과의원
인천광역시 계양구 계양대로 58-1,이벤트365의원
인천광역시 남동구 인하로 523,미추홀성형외과의원
인천광역시 부평구 광장로4번길 11,디오성형외과의원
인천광역시 남동구 석산로 159,라엘의원
인천광역시 서구 청라라임로 71,토파즈성형외과의원
인천광역시 남동구 경인로 594,청담맥의원 인천점
인천광역시 남동구 호구포로 870,더한스메디의원
인천광역시 부평구 경원대로 1242,다인의원
인천광역시 부평구 부평대로20번길 2,가얼손기학성형외과의원
인천광역시 부평구 길주로647번길 4,미인사랑연합의원
인천광역시 연수구 앵고개로264번길 30-4,앤의원 인천연수점
인천광역시 부평구 경원대로1418번길 6,비엘클리성형외과의원
인천광역시 연수구 센트럴로 160,송도비앤미의원
인천광역시 부평구 경인로 948,왕실의원
인천광역시 강화군 강화읍 중앙로 25,강화의원산부인과
인천광역시 강화군 강화읍 강화대로 410,유여성의원
인천광역시 남동구 은봉로 309,세인트여성의원
인천광역시 부평구 부평대로 24,필산부인과의원
인천광역시 남동구 호구포로 826,다정산부인과의원
인천광역시 계양구 장제로772번길 2,엠앤비여성병원
인천광역시 중구 참외전로 160-1,아이본산부인과의원
인천광역시 서구 서곶로 355-1,이해림산부인과의원
인천광역시 부평구 광장로 16,선이산부인과의원
인천광역시 부평구 마장로 446,다나산부인과의원
인천광역시 연수구 용담로 135,김웅철산부인과의원
인천광역시 서구 승학로 528,금산부인과
인천광역시 남동구 백범로 179,아이미즈산부인과의원
인천광역시 부평구 마장로 316,새봄여성병원
인천광역시 동구 샛골로 188,황호연산부인과
인천광역시 서구 서곶로 355,김승연산부인과의원
인천광역시 미추홀구 토금중로 8,한사랑산부인과의원
인천광역시 미추홀구 매소홀로 446,현대산부인과의원
인천광역시 부평구 열우물로 45,이화산부인과의원
인천광역시 부평구 평천로 337,파티마산부인과의원
인천광역시 남동구 인주대로 865,한마음산부인과의원
인천광역시 동구 송림로 96,예나산부인과의원
인천광역시 서구 완정로 187,우리들산부인과의원
인천광역시 남동구 서창남로 77,한빛산부인과의원
인천광역시 부평구 부평대로 47,성모산부인과의원
인천광역시 계양구 오조산로 53,연세차산부인과의원
인천광역시 연수구 독배로 35,솔이산부인과의원
인천광역시 연수구 앵고개로 254,우리산부인과의원
인천광역시 부평구 경인로 1078,에덴여성의원
인천광역시 서구 검단로 474,강남산부인과의원
인천광역시 중구 신도시남로 137,신제일산부인과의원
인천광역시 서구 가정로 358,마리아산부인과
인천광역시 남동구 남동대로 890,방금화산부인과의원
인천광역시 남동구 백범로 322,나음산부인과의원
인천광역시 부평구 부평대로 93,삼성미즈산부인과의원
인천광역시 부평구 체육관로 34,수앤미산부인과의원
인천광역시 계양구 경명대로 1070,중앙산부인과의원
인천광역시 계양구 경명대로 1157,하나미엘여성의원
인천광역시 미추홀구 낙섬중로 39-1,인천제일산부인과의원
인천광역시 남동구 인하로 497-8,박지원산부인과의원
인천광역시 부평구 경원대로 1234,서울미즈산부인과의원
인천광역시 미추홀구 독배로 463,고은여성병원
인천광역시 부평구 부평대로 9,김명주산부인과의원
인천광역시 서구 원적로100번길 8,차인종산부인과의원
인천광역시 부평구 마장로 398,나산부인과의원
인천광역시 남동구 인하로 497-5,로앤산부인과의원 인천구월
인천광역시 서구 청마로19번길 20,검단서울여성의원
인천광역시 부평구 부평대로 6,애플산부인과의원 부평
인천광역시 남동구 논고개로123번길 17,마이비산부인과의원
인천광역시 서구 중봉대로 602,청라여성병원
인천광역시 미추홀구 주안로 175,김용철산부인과의원
인천광역시 연수구 앵고개로 250,최대경여성의원
인천광역시 서구 건지로 371,그린산부인과의원
인천광역시 계양구 계산새로65번길 17,연세산부인과의원
인천광역시 미추홀구 미추로 56,아이소망산부인과의원
인천광역시 계양구 계산새로 71,제일산부인과의원
인천광역시 부평구 경원대로 1248,양선이산부인과의원
인천광역시 미추홀구 경인로 372,아인여성병원
인천광역시 미추홀구 인주대로 400,W여성병원
인천광역시 연수구 학나래로6번길 6,올리브여성의원
인천광역시 남동구 서창남순환로 223,서창J산부인과의원
인천광역시 부평구 마장로 489,다이아몬드치과의원
인천광역시 미추홀구 인주대로 290,인천재활의원
인천광역시 서구 염곡로464번길 15,고려재활의학과의원
인천광역시 미추홀구 낙섬중로 49,연재활의학과의원
인천광역시 부평구 동암남로 10,참좋은재활의학과의원
인천광역시 미추홀구 구월로 31,이종신재활의학과의원
인천광역시 부평구 경인로 1076,한양재활의학과의원
인천광역시 계양구 경명대로 1049,성심재활의학과의원
인천광역시 미추홀구 독정이로 79,호림재활의학과의원
인천광역시 연수구 한진로 23,송도재활의학과의원
인천광역시 연수구 원인재로 263,경인권역재활병원
인천광역시 부평구 시장로 55,부평성모재활의학과의원
인천광역시 남동구 예술로192번길 36,브래덤병원
인천광역시 남동구 논고개로123번길 17,윤재활의학과의원
인천광역시 미추홀구 한나루로 446,알엠병원
인천광역시 계양구 장제로 917,성모재활의학과의원
인천광역시 남동구 남동대로799번길 25,미추홀병원
인천광역시 연수구 원인재로 263,어린이전용재활센터
인천광역시 남동구 호구포로 836,올림피아병원
인천광역시 남동구 호구포로 808,오케이재활의학과의원
인천광역시 계양구 계양대로 38,작전재활의학과의원
인천광역시 서구 탁옥로 104,서구재활센터
인천광역시 남동구 논고개로123번길 35,위드미 통증클리닉
인천광역시 강화군 강화읍 강화대로 387,참정형외과의원
인천광역시 계양구 장제로 676,오케이병원
인천광역시 부평구 안남로 261,브니엘정형외과의원
인천광역시 서구 완정로 35,이정형외과의원
인천광역시 부평구 마장로 396,세강정형외과의원
인천광역시 계양구 계양대로 204,인천마디병원
인천광역시 남동구 백범로 374,이상권정형외과의원
인천광역시 남동구 구월로 300,현대정형외과의원
인천광역시 동구 송림로 76,굿모닝정형외과의원
인천광역시 연수구 비류대로 208,권도승정형외과의원
인천광역시 남동구 구월남로 280,모래내정형외과의원
인천광역시 미추홀구 아암대로 93,백선열정형외과의원
인천광역시 중구 서해대로494번길 1,금강정형외과의원
인천광역시 서구 원적로 96,가좌정형외과의원
인천광역시 부평구 부평대로 144,전정형외과의원
인천광역시 미추홀구 매소홀로 63,용현정형외과의원
인천광역시 서구 가정로 287-1,연세제일정형외과의원
인천광역시 계양구 안남로 548,효성정형외과의원
인천광역시 미추홀구 경인로 293,홍정형외과
인천광역시 계양구 계양대로 40,강남정형외과의원
인천광역시 남동구 문화서로4번길 28,순복정형외과
인천광역시 남동구 남동대로 902-1,위성정형외과의원
인천광역시 부평구 동수천로 112,연세필정형외과의원
인천광역시 계양구 오조산로 53,한빛정형외과의원
인천광역시 서구 가정로 213,세일정형외과의원
인천광역시 미추홀구 한나루로 379,학익정형외과의원
인천광역시 계양구 계양대로 149,굿모닝정형외과의원
인천광역시 남동구 백범로 185,남동정형외과
인천광역시 동구 송림로 102-1,모세정형외과의원
인천광역시 연수구 비류대로 194,연세정형외과의원
인천광역시 동구 수문통로 7,마디정형외과의원
인천광역시 서구 가정로394번길 1,서구연세정형외과의원
인천광역시 남동구 만수로 47,만수연세정형외과의원
인천광역시 동구 화도진로 38-1,세강정형외과의원
인천광역시 부평구 장제로 205,부평한국정형외과의원
인천광역시 계양구 주부토로 525,온누리정형외과의원
인천광역시 계양구 경명대로 1068,덕수정형외과의원
인천광역시 미추홀구 경인로 488,성모윌병원
인천광역시 연수구 비류대로433번길 3,서울정형외과의원
인천광역시 동구 수문통로 54-1,튼튼정형외과의원
인천광역시 계양구 봉오대로 729,성혜정형외과의원
인천광역시 연수구 독배로 41,인하정형외과의원
인천광역시 남동구 백범로 276,간석메디정형외과의원
인천광역시 미추홀구 인주대로 282,중앙메디칼의원
인천광역시 미추홀구 경인로 433,석바위정형외과의원
인천광역시 연수구 앵고개로 250,연수메디칼정형외과의원
인천광역시 서구 승학로 501,정우정형외과의원
인천광역시 부평구 경인로 943,남부정형외과
인천광역시 미추홀구 경원대로897번길 1,인천정형외과의원
인천광역시 부평구 원적로 290,산곡정형외과의원
인천광역시 연수구 청능대로 69,나래병원
인천광역시 계양구 경명대로 1051,박도형정형외과의원
인천광역시 남동구 경인로 520,최승열정형외과의원
인천광역시 부평구 장제로 78,부평힘찬병원
인천광역시 남동구 청능대로 583,논현우리정형외과의원
인천광역시 남동구 논고개로 114,논현연세정형외과
인천광역시 남동구 구월로 284,우리정형외과의원
인천광역시 부평구 부평대로 66,부평정형외과신경외과의원
인천광역시 남동구 담방로 45,윤병화정형외과의원
인천광역시 부평구 마장로 156,서울웰빙정형외과의원
인천광역시 부평구 동수로 184,고려정형외과의원
인천광역시 서구 서곶로 281,자혜정형외과의원
인천광역시 부평구 수변로 8,박현수정형외과의원
인천광역시 남동구 구월로 376,삼성메트로정형외과의원
인천광역시 부평구 마장로 82,삼성정형외과의원
인천광역시 계양구 안남로 512,효성사랑정형외과
인천광역시 계양구 계양대로 102,하나정형외과의원
인천광역시 부평구 마장로 334,부평현대정형외과의원
인천광역시 서구 원당대로 866,원당연세정형외과의원
인천광역시 미추홀구 낙섬중로 39-1,이수정형외과의원
인천광역시 미추홀구 아암대로29번길 86,유원정형외과의원
인천광역시 미추홀구 석정로 430,주안튼튼의원
인천광역시 남동구 석정로 518,국제바로병원
인천광역시 부평구 체육관로 40,삼산연세정형외과의원
인천광역시 부평구 세월천로 35,신통연합의원
인천광역시 계양구 장제로 672,새봄정형외과의원
인천광역시 미추홀구 석정로 411,서일교정형외과의원
인천광역시 중구 영종대로 106,운서성모정형외과의원
인천광역시 연수구 컨벤시아대로 69,송도정형외과의원
인천광역시 서구 가정로 316,정재운정형외과의원
인천광역시 동구 샛골로 159,서울정형외과의원
인천광역시 남동구 구월남로 198,사랑정형외과의원
인천광역시 서구 장고개로337번길 7,가좌연세정형외과의원
인천광역시 계양구 계양대로 123,인천더드림병원
인천광역시 서구 가정로 280,JS노송병원
인천광역시 서구 탁옥로 45,서인천현대정형외과의원
인천광역시 남동구 인주대로 664,인천아시아드병원
인천광역시 서구 청라에메랄드로102번길 8,청라정형외과의원
인천광역시 서구 완정로 180,착한마디병원
인천광역시 미추홀구 숙골로 59,도화신경외과의원
인천광역시 미추홀구 제일로 42-1,정탁정형외과의원
인천광역시 남동구 백범로 204,서린정형외과의원
인천광역시 남동구 인주대로 590,대찬병원
인천광역시 남동구 호구포로 911,견우정형외과의원
인천광역시 남동구 남동대로 875,참조은정형외과의원
인천광역시 서구 가정로 212,팔팔마취통증의학과의원
인천광역시 부평구 원적로 392,광진정형외과의원
인천광역시 서구 청라라임로 71,청라성모정형외과의원
인천광역시 서구 중봉대로 588,드림재활의학과의원
인천광역시 남동구 구월로 233,서울바른척도병원
인천광역시 계양구 오조산로 3,보람정형외과의원
인천광역시 서구 크리스탈로74번길 31,청라우리정형외과의원
인천광역시 부평구 경원대로 1236,서울필정형외과의원
인천광역시 서구 원당대로 660,검단연합의원
인천광역시 연수구 인천타워대로54번길 9,세원정형외과의원
인천광역시 서구 청라에메랄드로102번길 8,청라국제병원
인천광역시 미추홀구 경인로116번길 4,제물포정형외과의원
인천광역시 연수구 먼우금로 208,연수스타정형외과의원
인천광역시 서구 청중로 486,가정성모의원
인천광역시 미추홀구 경인로 430,새건병원
인천광역시 서구 청라커낼로 264,진정형외과의원
인천광역시 부평구 부평문화로 55,부평그린마취통증의학과의원
인천광역시 서구 완정로 179,정정형외과의원
인천광역시 미추홀구 장천로112번길 3,유진정형외과의원
인천광역시 미추홀구 인주대로 458,바로병원
인천광역시 미추홀구 경원대로 848,석바위바른신경외과의원
인천광역시 서구 이음대로 378,검단정형외과의원
인천광역시 남동구 장승남로 51,서울참마취통증의학과의원
인천광역시 부평구 길주로 382,서울정형외과신경과의원
인천광역시 남동구 예술로 138,연세안마취통증의학과의원 인천
인천광역시 서구 청라라임로 65,청라바른정형외과의원
인천광역시 연수구 앵고개로264번길 30-4,베스트마취통증의학과의원
인천광역시 동구 샛골로 151,서울튼튼정형외과의원
인천광역시 남동구 청능대로 581,논현손호균통증의학과의원
인천광역시 중구 하늘중앙로 193,하늘정형외과의원
인천광역시 남동구 인하로 501,튼튼바른의원
인천광역시 부평구 부평문화로 87,연세백퍼센트병원
인천광역시 부평구 경원대로 1286,연세제일정형외과의원
인천광역시 중구 하늘별빛로65번길 8-11,하늘마디재활의학과의원
인천광역시 서구 검단로 480,위풍당당정형외과의원
인천광역시 서구 원적로 120,성모퍼스트정형외과의원
인천광역시 연수구 신송로 157-9,송도연세병원
인천광역시 서구 이음대로 388,서울정석정형외과의원
인천광역시 미추홀구 아암대로29번길 86,가정정형외과
인천광역시 서구 이음대로 392,연세마디윌의원
인천광역시 미추홀구 미추홀대로 702,서울이왕병원
인천광역시 연수구 하모니로 158,송도 본 정형외과 의원
인천광역시 서구 완정로178번길 1,검단바로본365의원
인천광역시 미추홀구 미추홀대로 581,신기찬마취통증의학과의원
인천광역시 서구 크리스탈로 78,제대로정형외과마취통증의학과의원
인천광역시 강화군 강화읍 충렬사로 31,비에스종합병원
인천광역시 강화군 강화읍 충렬사로 31,의료법인성수의료재단
인천광역시 남동구 논현로 72,인천힘찬종합병원
인천광역시 서구 원적로 23,나은병원
인천광역시 부평구 무네미로 446,근로복지공단인천병원
인천광역시 중구 답동로30번길 10,인천기독병원
인천광역시 미추홀구 독배로 503,현대유비스병원
인천광역시 미추홀구 미추홀대로 726,인천사랑병원
인천광역시 동구 샛골로 214,인천백병원
인천광역시 계양구 장제로 722,한림병원
인천광역시 계양구 계양대로 51,한마음병원
인천광역시 서구 청마로19번길 5,검단탑병원
인천광역시 서구 완정로 199,온누리병원
인천광역시 부평구 부평대로 175,부평세림병원
인천광역시 서구 칠천왕로33번길 17,뉴 성민병원
인천광역시 연수구 먼우금로 98,나사렛국제병원
인천광역시 계양구 계양문화로 20,인천세종병원
인천광역시 계양구 경명대로972번길 9,서송병원
인천광역시 서구 청라에메랄드로 79,청라좋은병원
인천광역시 부평구 경인로 1078,간석산부인과
인천광역시 중구 하늘별빛로65번길 7-9,의료법인 성세의료재단 영종국제병원
인천광역시 계양구 장제로 785,성베드로한방병원
인천광역시 부평구 무네미로 446,근로복지공단인천병원부설한방병원
인천광역시 계양구 장제로 808,우리한방병원
인천광역시 부평구 원적로 469,찬누리한방병원
인천광역시 서구 청마로 175,명장한방병원
인천광역시 연수구 독배로 49,행복한방병원
인천광역시 계양구 경명대로 1134,계양다나음한방병원
인천광역시 남동구 예술로 126,인천자생한방병원
인천광역시 미추홀구 석정로 6,인천한방병원
인천광역시 부평구 장제로 153,미르한방병원
인천광역시 부평구 경인로999번길 1,다나은한방병원
인천광역시 미추홀구 미추홀대로 702,성결한방병원
인천광역시 미추홀구 아암대로 91,보명한방병원
인천광역시 계양구 경명대로 1130,고구려한방병원
인천광역시 미추홀구 주안로 116,무루한방병원
인천광역시 남동구 석촌로 21,인천국제한방병원
인천광역시 부평구 부흥로 290,찬솔한방병원
인천광역시 중구 영종대로 94,영종명가한방병원
인천광역시 남동구 호구포로 872,세종한방병원
인천광역시 연수구 옥련로 45,명쾌한방병원
인천광역시 연수구 먼우금로222번길 13,다나음한방병원
인천광역시 동구 방축로 217,인천광역시의료원
인천광역시 남동구 장자북로 26,신원진단검사의학과의원
