addr,pnm
인천광역시 강화군 내가면 강화서로 223,부흥약국
인천광역시 연수구 신송로125번길 7 이리옴프라자 4층 408호,중앙약국
인천광역시 강화군 강화읍 동문안길 6,진약국
인천광역시 강화군 강화읍 동문안길 3,다나약국
인천광역시 강화군 강화읍 강화대로 395 (준프라자 1층 103호 하하약국),하하약국
인천광역시 강화군 강화읍 중앙로 9,큰샘온누리약국
인천광역시 강화군 강화읍 강화대로 404,은화약국
인천광역시 남동구 예술로 138 이토타워 137호,타워약국
인천광역시 미추홀구 미추홀대로 628 1층,메디팜현상약국
인천광역시 강화군 강화읍 강화대로 402 인디안모드,e-믿음약국
인천광역시 동구 송화로44번길 13-1 금학빌딩,샘물약국
인천광역시 연수구 컨벤시아대로130번길 14 1층 108,센트럴파크약국
인천광역시 계양구 하느재로20번길 1,유영약국
인천광역시 연수구 비류대로 208,백화점 온누리약국
인천광역시 부평구 경원대로 1436,하나로약국
인천광역시 서구 청중로 486,가정온누리약국
인천광역시 서구 청라라임로51,365 열린약국
인천광역시 서구 고산후로 148,경희기경한약국
인천광역시 서구 가경주로40번길 20-10,더사랑약국
인천광역시 미추홀구 숙골로 57 세솔빌딩,오거리약국
인천광역시 남동구 남동대로 885,온누리인제약국
인천광역시 부평구 부평대로 114부평타워큐 104호,동대약국
인천광역시 서구 원당대로 859 원당메디칼프라자 107호,원당우리약국
인천광역시 연수구 앵고개로 250 연수메디칼빌딩 204호,늘푸른약국
인천광역시 동구 송림로 81 1층,약국_대한약국
인천광역시 남동구 호구포로830,구월약국
인천광역시 남동구 남동대로 900,희망찬약국
인천광역시 연수구 센트럴로 263 IBS타워 업무동 3층,타워온누리 약국
인천광역시 동구 화도진로 35 중앙약국,중앙약국
인천광역시 강화군 길상면 온수길 23 전등약국,전등약국
인천광역시 부평구 열우물로 50,동암프라자약국
인천광역시 부평구 부평대로 6 대신스카이프라자,부평조은약국
인천광역시 계양구 계양대로 206,인천시민약국
인천광역시 미추홀구 인하로 296 쌍용아파트상가 107호,푸르미약국
인천광역시 부평구 경인로1118번길 14-7,신세계약국
인천광역시 남동구 인하로 497-8 오아시스빌딩,오아시스약국
인천광역시 부평구 동암남로 4 리치프라자 103호,건강한약국
인천광역시 미추홀구 제일로 34 1층,도화태평양약국
인천광역시 서구 원적로 96,사랑의약국
인천광역시 부평구 장제로 178,솔미약국
인천광역시 동구 방축로 191 인천광역시교자동차매매단지 1층 123,이화당약국
인천광역시 서구 푸른로 3,약국_태평양약국
인천광역시 강화군 내가면 중앙로 1312,바다약국
인천광역시 연수구 해돋이로 168,서울온누리약국
인천광역시 서구 심곡로 24,연희우리약국
인천광역시 부평구 후정동로 35,튼튼드림약국
인천광역시 연수구 앵고개로246번길 10 대산프라자,대산프라자약국
인천광역시 부평구 충선로21,환도약국
인천광역시 계양구 계양대로 44 덕용프라자,화생약국
인천광역시 부평구 부평문화로 55 와이디타워 1층,포도나무약국
인천광역시 서구 율도로 55,신현프라자약국
인천광역시 서구 탁옥로 49 제스트프라자 404호,새봄약국
인천광역시 남동구 서창남순환로 140 2단지 더포레스트아파트단지상가 101호,오약국
인천광역시 연수구 학나래로 5번길 52,인화약국
인천광역시 남동구 백범로 204,소명약국
인천광역시 부평구 열우물로 28,바른약국
인천광역시 연수구 해돋이로 107 송도더샵퍼스트월드 H동상가1층,송도신세계약국
인천광역시 미추홀구 석바위로 42,보건온누리약국
인천광역시 부평구 부평대로17번길 2,미래약국
인천광역시 계양구 효서로 380 신현대타운,종합메디칼약국
인천광역시 남동구 구월로348 102호,휴베이스새봄약국
인천광역시 연수구 송도국제대로 157,송도제일약국
인천광역시 서구 심곡로 133 대동아파트,제일약국
인천광역시 계양구 효서로 142,모범약국
인천광역시 부평구 장제로 205,약국_금호약국
인천광역시 남동구 구월남로342번길 3,푸른약국
인천광역시 남동구 청능대로 581 103호,일등메디칼약국
인천광역시 계양구 장제로 1009번길 2,성모당약국
인천광역시 미추홀구 토금중로40번길 11,연세메디칼약국
인천광역시 서구 거북로 74-1,자생약국
인천광역시 부평구 갈산동 73-3,성민약국
인천광역시 부평구 경인로701번길58동암빌딩,벧엘약국
인천광역시 남동구 구월로 212 2층 우리온누리약국,우리온누리약국
인천광역시 미추홀구 인주대로35번길 46,뉴현대약국
인천광역시 중구 축항대로86번길 38,라이프약국
인천광역시 중구 축항대로86번길 38,스마트약국
인천광역시 미추홀구 낙섬중로 40,바른약국
인천광역시 미추홀구 독정이로 79 1층,한결약국
인천광역시 부평구 부평대로 59 성창빌딩,자연약국
인천광역시 부평구 마장로 287 상가 1층,맑은샘약국
인천광역시 계양구 장제로 718 상록메디칼센타,한아름약국
인천광역시 계양구 장제로 718 상록메디칼센타,열린온누리약국
인천광역시 계양구 장제로 718 상록메디칼센타,유원약국
인천광역시 부평구 동수로 184,튼튼약국
인천광역시 남동구 함박뫼로 441 109호,약국_파랑새약국
인천광역시 계양구 장제로772번길 2 건강한용약국,건강한용약국
인천광역시 부평구 주부토로 182,청약국
인천광역시 계양구 도두리로 70 도두리마을 대동아파트상가101호,청원약국
인천광역시 부평구 주부토로 182,청약국
인천광역시 부평구 열우물로 54,열린약국
인천광역시 서구 중봉대로 612번길 10-16. 마르씨엘 1층,청라바다약국
인천광역시 남동구 용천로88번길 3,삼정프라자약국
인천광역시 부평구 세월천로 77 위민약국,위민약국
인천광역시 미추홀구 경인로 433,VIP 우리약국
인천광역시 부평구 장제로 82,약국_부평드림약국
인천광역시 미추홀구 경인로 429,백세약국
인천광역시 연수구 선학로68번길 4,대동약국
인천광역시 서구 서달로 159,우리약국
인천광역시 계양구 계양대로 202 1층,푸른나무약국
인천광역시 부평구 장제로 154,사랑나누리약국
인천광역시 미추홀구 한나루로 387,성우약국
인천광역시 부평구 길주남로 159 새롬프라자 101호,한마음약국
인천광역시 남동구 남동대로 931 103호,생생온누리약국
인천광역시 부평구 부평대로 24 가나베스트빌,수보당약국
인천광역시 부평구 부평대로 24 가나베스트빌,가나메디칼약국
인천광역시 남동구 호구포로794-1,모래내시장온누리약국
인천광역시 남동구 남동대로239번길 72-20 두레비지니스센터,약국_공단약국
인천광역시 서구 장고개로337번길 16 408호 일화약국,일화약국
인천광역시 남동구 구월로280 연세메디칼1층,연세프라자약국
인천광역시 동구 화도진로 113,동안생약국
인천광역시 미추홀구 석정로 411(주안동,한사랑약국
인천광역시 중구 제물량로 121,원지당약국
인천광역시 동구 송림동 57-77,동구약국
인천광역시 부평구 동암남로 10 제일빌딩 1층,남부온누리약국
인천광역시 연수구 송도국제대로 261 송도더샵센트럴시티 상가동 114호,송도센트럴약국
인천광역시 부평구 부개로 9,우수약국
인천광역시 중구 답동로 30번길 3 경동 188-1,경기약국
인천광역시 미추홀구 관교동 13-8,영약국
인천광역시 미추홀구 독배로 429,조은약국
인천광역시 미추홀구 아암대로 87 서해관광호텔,서해약국
인천광역시 남동구 매소홀로 1137,서창약국
인천광역시 남동구 예술로 172 예술회관역 지하2층,예술회관역약국
인천광역시 부평구 경인로 947 태성메디칼 109호,부평판도라약국
인천광역시 남동구 만수로 47,21세기약국
인천광역시 남동구 서창남순환로2,천사약국
인천광역시 서구 가정로 398 서해프라자 105호,정다운온누리약국
인천광역시 부평구 동수로 168-1,한나약국
인천광역시 남동구 성말로 13번길 15 메인프라자 3층,열린약국
인천광역시 남동구 백범로 206,미성온누리약국
인천광역시 남동구 서창남순환로215번길 17 114호,늘온누리약국
인천광역시 남동구 문화서로4번길 4 1층,참조은약국
인천광역시 서구 염곡로464번길 15,루원진약국
인천광역시 부평구 장제로190번길 2,한겨레약국
인천광역시 남동구 남동대로 780,구월대형약국
인천광역시 동구 수문통로 7,정성약국
인천광역시 서구 청라커낼로260번길 11 진성프라자 1층 105호,두리약국
인천광역시 남동구 마수동1115-2,복덩이약국
인천광역시 남동구 만수로 14-70,한마음 약국
인천광역시 강화군 강화읍 중앙로45 1층,메디팜조은약국
인천광역시 부평구 부평대로 171,허브약국
인천광역시 서구 가정로 280 102호,새솔약국
인천광역시 계양구 장제로 822 롯데마트 계양점,다정한 약국
인천광역시 서구 원적로 100 가좌로얄프라자 101,서광약국
인천광역시 미추홀구 경원대로 773,청구약국
인천광역시 부평구 배곶로 63,십정시장약국
인천광역시 미추홀구 낙섬중로 105 유원빌딩 1층 101호,365열린온누리약국
인천광역시 계양구 장제로 910,도담약국
인천광역시 미추홀구 소성로 136,명성약국
인천광역시 미추홀구 신기길58번길 43-3 건우스카이빌,정성약국
인천광역시 중구 도원로7번길 12-1,으뜸약국
인천광역시 남동구 용천로 170,약국-강약국
인천광역시 남동구 인하로507번길 4 벽성빌딩,김약국
인천광역시 계양구 병방로 17 제일빌딩,중앙약국
인천광역시 계양구 장제로 907,하늘약국
인천광역시 서구 봉오재3로 90,가온약국
인천광역시 남동구 구월로268 .1층104호,미래약국
인천광역시 연수구 원인재로 180 연수우성2차아파트,봄빛약국
인천광역시 미추홀구 경인로 485,신천지약국
인천광역시 남동구 호구포로 220 명진프라자 106호,호구포온누리약국
인천광역시 서구 심곡로100번길 15,성모사랑약국
인천광역시 서구 승학로 567,동안약국
인천광역시 중구 흰바위로 51. 롯데마트3층,스카이약국
인천광역시 중구 참외전로72번길 22-7,중앙약국
인천광역시 부평구 부평북로 442 삼산프라자,메디팜우리들 온누리약국
인천광역시 동구 금곡로82번길 14,인일약국
인천광역시 남동구 용천로 70,동호튼튼약국
인천광역시 강화군 강화읍 충렬사로25 1층,강화정문약국
인천광역시 서구 건지로 402 가좌한신휴플러스 402동 105호,딸기약국
인천광역시 계양구 봉오대로 739,한길온누리약국
인천광역시 미추홀구 석정로 430  1층,위드팜굿모닝약국
인천광역시 계양구 효서로 233 109호 대명약국,대명약국
인천광역시 서구 원적로 29 한샘상가 나동 4호,한샘약국
인천광역시 부평구 동수로 61,오가약국
인천광역시 부평구 주부토로 82,약국_나라약국
인천광역시 부평구 동수로 61,서울대학약국
인천광역시 남동구 서창남순환로216번길 12 월드타워,스타약국
인천광역시 남동구 성말로13번길 20,올리브약국
인천광역시 서구 가정로 291,석남우리약국
인천광역시 계양구 경명대로 1043,계산온누리약국
인천광역시 부평구 경원대로 1373,부평열린약국
인천광역시 부평구 경원대로 1234 삼주빌딩,예스약국
인천광역시 부평구 경원대로 1414 1층 103호,손약국
인천광역시 남동구 백범로 322,약국-메드칼약국
인천광역시 부평구 경인로1104번길 23,한울약국
인천광역시 서구 검단로 480 검단리치웰프라자 1층,백제약국
인천광역시 부평구 길주남로 158 부개프라자,대추밭약국
인천광역시 남동구 호구포로790번길21-13,우리들약국
인천광역시 남동구 서창남순환로 56,해밀온누리약국
인천광역시 연수구 청능대로 210 스퀘어원 지하 1층 홈플러스 내,새봄약국
인천광역시 남동구 남동대로 889-1 1층,간석열린약국
인천광역시 미추홀구 독정이로 7 청도하이텔,용현독일약국
인천광역시 부평구 부평대로 171-11,새롬약국
인천광역시 남동구 인하로489번길 4 1층 연두약국,연두약국
인천광역시 남동구 논고개로 73,논현그린약국
인천광역시 옹진군 영흥면 영흥로156번길 11-20,영흥우리약국
인천광역시 부평구 원적로 434 혜성프라자 111,혜성프라자약국
인천광역시 미추홀구 인하로 211 1층,한솔약국
인천광역시 남동구 구월로 212 힐캐슬프라자 2층 216호,메디팜벧엘약국
인천광역시 부평구 장제로76번길 8 원일팰리스 103호,약국_섬초약국
인천광역시 남동구 호구포로770.102호,다인약국
인천광역시 미추홀구 한나루로 379 제중빌딩,다사랑약국
인천광역시 연수구 송도문화로84번길 24 에듀포레푸르지오 상가 209호,송도우리약국
인천광역시 서구 고산후로95번길20힘찬프라자108호,미약국
인천광역시 서구 원적로 85 우신프라자 310호,성호약국
인천광역시 계양구 양지로 40 동양동 605,사랑인약국
인천광역시 서구 검단로 445번길 18 SM프라자 (1층 107-1호),누리약국
인천광역시 계양구 장제로 929 돌샘프라자,메디팜 우리약국
인천광역시 연수구 앵고개로 256,행복한우리약국
인천광역시 부평구 부영로 11,삼릉약국
인천광역시 동구 송림로 84 1층,희망약국
인천광역시 부평구 동수북로158번길 3 수경빌딩,부평하나로약국
인천광역시 부평구 후정동로 21 화령빌딩,전원약국
인천광역시 부평구 부흥로304번길 42,동서약국
인천광역시 부평구 경인로836,건강온누리약국
인천광역시 서구 서곶로 281 자혜정형외과 1층,한사랑약국
인천광역시 부평구 원적로 392,최병원약국
인천광역시 서구 가정로 372 1층,하늘약국
인천광역시 계양구 양지로 133 귤현동 501-11,새싹약국
인천광역시 서구 완정로 172 1층 109호,메디피아약국
인천광역시 동구 화수로 18 동부아파트 상가동,백제약국
인천광역시 남동구 남동대로370번길 113 우진프라자,조은약국
인천광역시 서구 청라에메랄드로 84. 1층,옵티마강남약국
인천광역시 남동구 장아산로 186,약국-다나약국
인천광역시 부평구 마장로 462,약국-청솔약국
인천광역시 미추홀구 소성로326번길 4,문학사랑약국
인천광역시 남동구 독점로30번길 1 에이스프라자,늘좋은온누리약국
인천광역시 중구 하늘별빛로65번길 8-11,하늘바다약국
인천광역시 미추홀구 독배로 465,드림약국
인천광역시 남동구 문화서로3번길 14-14,윤약국
인천광역시 계양구 경명대로 1111 금보플라자1층101호,사랑애약국
인천광역시 계양구 장제로 714 세종팰리스,세명약국
인천광역시 계양구 장제로875번길 1 진빌딩,대한약국
인천광역시 부평구 열우물로87번길 16,동암온누리약국
인천광역시 남동구 인주대로 582,신현프라자약국
인천광역시 미추홀구 낙섬중로 15-1,명문약국
인천광역시 중구 하늘별빛로 75   1층,해마루약국
인천광역시 연수구 독배로40번길 43 신송빌딩,송도메디칼약국
인천광역시 남동구 구월말로 117 1층,고은약국
인천광역시 연수구 용담로 131,연수약국
인천광역시 동구 화도진로 109 103호,동안생약국
인천광역시 미추홀구 경인로 344,수성당약국
인천광역시 부평구 청중로 65,십자메디칼약국
인천광역시 계양구 계양산로 191,나라약국
인천광역시 부평구 경원대로 1266,건강사랑약국
인천광역시 미추홀구 경인로 486,성모제일약국
인천광역시 서구 승학로 497 검암프라자 109호(검암동),행복한약국
인천광역시 서구 중봉대로 610. 마루힐프라자 105호,블루팜약국
인천광역시 미추홀구 독배로 420-1,용현우리약국
인천광역시 연수구 센트럴로 160 파크게이트 B동 140,헬스원약국
인천광역시 중구 영종대로 106 1층,W스토어 보듬약국
인천광역시 부평구 마장로242번길 19 113호,휴약국
인천광역시 서구 검단로 500,사랑온누리약국
인천광역시 남동구 선수촌공원로23번길 6-29 104호,다복약국
인천광역시 남동구 호구포로 893,속편한온누리약국
인천광역시 남동구 장승남로 46 조은빌딩103호,행복한우리약국
인천광역시 남동구 인하로 501,에스약국
인천광역시 미추홀구 미추홀대로719번길4 부성파인1층 104,주안정약국
인천광역시 동구 송림로 113,열린약국
인천광역시 미추홀구 한나루로 585,도화약국
인천광역시 부평구 부평대로32번길 1,진선약국
인천광역시 서구 건지로 264 인하메디컬센터1층,정온누리약국
인천광역시 서구 보듬로 146 메트로밸리 112호,블루약국
인천광역시 부평구 부평문화로 96,사과약국
인천광역시 부평구 장제로 160,부흥온누리약국
인천광역시 강화군 강화읍 강화대로 412 중앙의원,재경약국
인천광역시 남동구 논고개로123번길 17 아이플렉스,논현센타약국
인천광역시 서구 가정로 309,하나온누리약국
인천광역시 미추홀구 미추홀대로 688,시민온누리약국
인천광역시 부평구 후정동로 12 인천광역시삼산벽산블루밍,옵티마삼산제일약국
인천광역시 동구 송림로 73-1,약국_송림약국
인천광역시 연수구 테크노파크로111번길 4 드메티스빌딩 103,메티스약국
인천광역시 동구 송림로102,청십자약국
인천광역시 미추홀구 인하로 273,신기메디칼약국
인천광역시 서구 완정로 187 마전메디칼센타 (1층),마전메디칼약국
인천광역시 서구 완정로 187 마전메디칼센타 (1층),메디팜 우리들약국
인천광역시 미추홀구 소성로 6,메디팜다나은약국
인천광역시 서구 가정로 370,푸른건강약국
인천광역시 부평구 부평대로87번길 4,백세약국
인천광역시 미추홀구 길파로28번길 3,화생당약국
인천광역시 미추홀구 미추홀대로 766번길 6,행복한약국
인천광역시 연수구 먼우금로 96 금송빌딩,푸른약국
인천광역시 연수구 인천광역시타워대로132번길 34 103호,새로이약국
인천광역시 미추홀구 학익소로61번길 135 (신동아아파트5차),명신약국
인천광역시 강화군 길상면 온수길36번길 6,유신약국
인천광역시 부평구 부영로 189번길 51 오남프라자 104호,온누리푸른약국
인천광역시 계양구 계산새로 71 하이베라스 C 1층,온누리하이팜약국
인천광역시 미추홀구 인주대로 186,미래약국
인천광역시 미추홀구 인주대로 51 1층,비타민약국
인천광역시 동구 금곡로 66,복지약국
인천광역시 서구 검단로 474 뷰비스타운 102호,산들약국
인천광역시 서구 청라에메랄드로 78. 1층,백주년약국
인천광역시 강화군 강화읍 강화대로 387 이레빌딩,강화종로약국
인천광역시 미추홀구 소성로 150,고일약국
인천광역시 서구 검단로 469 101호,검단미래안약국
인천광역시 미추홀구 인중로13 1층,정다운약국
인천광역시 남동구 호구포로535번길 48-2 부경빌딩,경도약국
인천광역시 남동구 호구포로798,청십자약국
인천광역시 남동구 백범로 325-2  1층,원약국
인천광역시 서구 완정로 153 이레메디칼센타 1층 101,생동온누리약국
인천광역시 중구 서해대로 366 생명의학연구동,옵티마대학약국
인천광역시 미추홀구 방축로 240,인천교약국
인천광역시 미추홀구 석정로 300 신태양상가,청수당약국
인천광역시 미추홀구 미추홀대로 581 1층,예지원약국
인천광역시 남동구 석정로 501,약국_참조은약국
인천광역시 계양구 계양문화로 15 마이더스빌딩,정문약국
인천광역시 부평구 경원대로 1238 이화빌딩,솔로몬약국
인천광역시 남동구 호구포로 872 1층,신세계약국
인천광역시 부평구 부평북로 446 108호,하늘약국
인천광역시 부평구 백범로 487,푸른약국
인천광역시 남동구 구월남로 190 퍼스트프라자,봄빛약국
인천광역시 서구 칠천왕로 33번길 14 1층 일부호 (석남동),삼육오사랑약국
인천광역시 미추홀구 매소홀로 63,신우리들약국
인천광역시 부평구 경원대로 1242 우암빌딩,다인이비인후과병원
인천광역시 연수구 앵고개로104번길 4 1층 햇살온누리약국,햇살온누리약국
인천광역시 부평구 부평대로 90 여산빌딩101호,부평온누리약국
인천광역시 부평구 부평문화로 38,장원약국
인천광역시 서구 청라루비로 95,마음편한약국
인천광역시 부평구 경인로1104번길 14-2,아름온누리약국
인천광역시 부평구 경인로 883,사랑약국
인천광역시 계양구 경명대로 1090  계산메가타운106호,중앙성심약국
인천광역시 서구 고산후로95번길 32,푸른솔약국
인천광역시 서구 명가골로 37,맑은약국
인천광역시 남동구 구월로 306 상가동 108호,현대약국
인천광역시 부평구 부평대로 19-1 2층 201호,새봄약국
인천광역시 부평구 청중로 61,풍산원약국
인천광역시 부평구 부평문화로130번길 48 1층,약국_성심약국
인천광역시 부평구 부평대로 171-5,정문약국
인천광역시 동구 샛골로 212,인천약국
인천광역시 남동구  호구포로812 한빛하이존,퍼스트시티경도약국
인천광역시 중구 큰우물로 22-1,길메디칼약국
인천광역시 남동구 방축로 503 온누리상가 108호,우성약국
인천광역시 연수구 컨벤시아대로 69 밀레니엄빌딩 4층 408호,송도건강온누리약국
인천광역시 부평구 동수로128번길 17-4,자애약국
인천광역시 미추홀구 인주대로 130(1층),보은약국
인천광역시 부평구 수변로 333 삼산타운 상가동 204호,강약국
인천광역시 중구 공항로424번길 66 LG인천광역시공항에클라트,연세약국
인천광역시 강화군 화도면 마니산로 720,화도약국
인천광역시 남동구 남동대로 728,청솔온누리약국
인천광역시 연수구 한나루로 196번길 2,송도약국
인천광역시 계양구 안남로 571,새유진약국
인천광역시 부평구 마장로 86 105호,보리약국
인천광역시 남동구 호구포로 830 1층,구월약국
인천광역시 남동구 만수로 39 만수상사 2층 111호,동양약국
인천광역시 계양구 주부토로 372,소망약국
인천광역시 미추홀구 미추홀대로 576,김재준약국
인천광역시 부평구 부평대로 89 세정빌딩1층,뉴백세약국
인천광역시 계양구 경명대로 1096 계산메디칼센타,계산약국
인천광역시 부평구 부흥로 245 101호,우리들약국
인천광역시 남동구 담방로 105 7701동 103호,명지약국
인천광역시 남동구 소래로669번길 38(만수동 967-13),참정다운약국
인천광역시 미추홀구 인주대로 469번길 20,서울온누리약국
인천광역시 미추홀구 한나루로 411,약국_부영약국
인천광역시 부평구 마장로320 한화프라자 101호,봄빛약국
인천광역시 중구 신도시남로137 화평빌딩,서울메디칼약국
인천광역시 계양구 장제로 916 1층 참메디칼약국,참메디칼약국
인천광역시 중구 연안부두로 9,인일약국
인천광역시 서구 청라에머랄드로 79. 커넬에비뉴 B12,청라큰사랑약국
인천광역시 미추홀구 도화동 441-24,행복약국
인천광역시 미추홀구 인주대로 132번길 12 1층,건강효약국
인천광역시 남동구 에코중앙로156번길 5-19,양지온누리약국
인천광역시 계양구 계양대로 149,태평양약국
인천광역시 계양구 경명대로 1048,은하약국
인천광역시 서구 검단로768번길 2 불로메디칼 1층,푸른솔약국
인천광역시 계양구 봉오대로555번길 14 썬프라자,봄약국
인천광역시 계양구 아나지로417번길 20,경기프라자약국
인천광역시 남동구 구월로284 구월프라자빌딩,구월프라자약국
인천광역시 남동구 만수로 63 만수 쎈타 플라자,은하약국
인천광역시 서구 청마로19번길 9 101호,메디탑약국
인천광역시 계양구 주부토로 479 축협계산빌딩 4층,진약국
인천광역시 강화군 선원면 중앙로 259 마시왕바베큐,세광약국
인천광역시 부평구 원적로 392 (우)21377,최병원약국
인천광역시 동구 송림로 12 솔빛메디칼센터 금곡동 10-11,솔빛메디칼약국
인천광역시 연수구 앵고개로264번길 10-1 아촌빌딩,동아온누리약국
인천광역시 남동구 백범로 399,기쁨플러스약국
인천광역시 서구 탁옥로 45,그린약국
인천광역시 미추홀구 한나루로499-3,오성약국
인천광역시 연수구 새말로 31,무지개약국
인천광역시 연수구 송도미래로 30 송도 BRC 스마트밸리 지식산업센터 E동 204호,스마트약국
인천광역시 부평구 경원대로 1277,참편한약국
인천광역시 서구 검단로 842,조은나라약국
인천광역시 남동구 만수동 1040-4,천지약국
인천광역시 미추홀구 석정로 16 숭의빌딩,중화약국
인천광역시 미추홀구 경원대로 856,천우약국
인천광역시 미추홀구 인하로 301-1,인영약국
인천광역시 미추홀구 토금중로 13,하나로약국
인천광역시 연수구 함박뫼로 26,둥지온누리약국
인천광역시 부평구 시장로 35-2,삼천당약국
인천광역시 남동구 남동대로 705 1층,새육일약국
인천광역시 부평구 주부토로 114 1층,경인약국
인천광역시 계양구 경명대로 1138,메디칼수약국
인천광역시 연수구 송도문화로28번길 28 글로벌캠퍼스푸르지오 204동 1층 119호,global연세약국
인천광역시 부평구 부평대로 9 문화드림빌,문화약국
인천광역시 서구 서곶로 355-1,새연희약국
인천광역시 미추홀구 인하로 275 1층 101호,신기시장약국
인천광역시 남동구 포구로 96,서울메디카약국
인천광역시 남동구 백범로 183 1층,주공약국
인천광역시 계양구 계양문화로 19,인천세중온누리약국
인천광역시 계양구 계양문화로 19,우리들약국
인천광역시 미추홀구 인주대로 332,신태양옵티마약국
인천광역시 미추홀구 인주대로266번길 17,용남시장약국
인천광역시 부평구 충선로 313,삼산대한약국
인천광역시 남동구 논고개로 117 메트로빌딩 104호,논현프라자약국
인천광역시 서구 서곶로 754 3층,검단마트약국
인천광역시 부평구 마장로 396-1,믿음약국
인천광역시 계양구 효서로 385,정우약국
인천광역시 미추홀구 인주대로273,용일약국
인천광역시 중구 용유서로 298,바다약국
인천광역시 남동구 구월로 223 위너스프라자,제일약국
인천광역시 미추홀구 주안서로 28,신보건약국
인천광역시 계양구 경명대로 1049,이화약국
인천광역시 부평구 부흥로 314-1,동광약국
인천광역시 서구 청라커낼로288번길 10 더스페이스타워 112호,천사약국
인천광역시 부평구 부평문화로 99,일광온누리약국
인천광역시 계양구 오조산공원로 14 홈플러스계산점 1층,메디팜푸른약국
인천광역시 서구 완정로 187 마전메디칼센타 103호,그린온누리약국
인천광역시 동구 송림로 97 1층,보명약국
인천광역시 남동구 백범로 275 새생활교회,이약국
인천광역시 부평구 원적로 265 2층,기린한약국
인천광역시 중구 공항로 272,옵티마프라자약국
인천광역시 미추홀구 숙골로 114 우리타워 1층 103호,햇님약국
인천광역시 서구 고래울로 29,옥신온누리약국
인천광역시 남동구 용천로 140,사랑온누리약국
인천광역시 미추홀구 미추홀대로 722번길 12 한국빌딩 101호,다온약국
인천광역시 부평구 열우물로 45,소망약국
인천광역시 동구 송현로 47,종로모범약국
인천광역시 미추홀구 석정로 459,독일약국
인천광역시 서구 가정로 308 석남프라자,그랜드약국
인천광역시 동구 샛골로 155,약국_신우약국
인천광역시 서구 단봉로 107,하나약국
인천광역시 연수구 먼우금로189 소망빌딩 2층,해든소망약국
인천광역시 미추홀구 길파로 16,공단시장약국
인천광역시 부평구 부흥로123번길 43 진흥빌딩 1층,연세약국
인천광역시 부평구 신트리로46번길 5,사랑어린이집
인천광역시 동구 화도진로44번길 12 1층,나을약국
인천광역시 서구 에머랄드로 102번길 8.1층,청라온누리약국
인천광역시 서구 가정로 375,오렌지약국
인천광역시 중구 인중로 134 동인천광역시이마트 2층,천사약국
인천광역시 연수구 신송로 121 센터프라자 406호,센타약국
인천광역시 서구 가정로151번길 11 홈플러스 가좌점 2층,가좌마트약국
인천광역시 연수구 원인재로 315  주공임대상가 106호,자애약국
인천광역시 계양구 장제로 911,세기약국
인천광역시 연수구 해돋이로 161,스마일약국
인천광역시 남동구 구월로332 만수중앙의원1층,대학약국
인천광역시 계양구 주부토로 526,연세약국
인천광역시 미추홀구 경인로 391 주안현대아파트,정약국
인천광역시 남동구 남촌동로25번길 4,남촌중앙약국
인천광역시 부평구 길주남로10번길 21,비타민약국
인천광역시 부평구 경인로 943,부부약국
인천광역시 부평구 세월천로 46,약국-부평종로약국
인천광역시 남동구 석산로 171 동양스포츠센타 1층,그린팜약국
인천광역시 미추홀구 미추홀대로 715,온사랑온누리약국
인천광역시 연수구 한나루로 194-3,송도프라자약국
인천광역시 미추홀구 석정로 379,삼성약국
인천광역시 중구 우현로 86,보원약국
인천광역시 미추홀구 낙섬중로38번길 2,천사약국
인천광역시 부평구 일신로 10,제일조은약국
인천광역시 연수구 함박뫼로12번길 1,삼호약국
인천광역시 계양구 안남로 565,이조약국
인천광역시 동구 봉수대로 82 이마트 1층,오메가약국
인천광역시 미추홀구 동주길135번길 20-6,우일약국
인천광역시 동구 화도진로 38,나을약국
인천광역시 계양구 봉오대로 785 (주)신세계 이마트 작전점,건강약국
인천광역시 연수구 해돋이로 167 힐링플라자 103호,송도더사랑약국
인천광역시 중구 영종대로 100 신성하우스빌,영종우리들약국
인천광역시 부평구 수변로 8 파워프라자,다인약국
인천광역시 서구 탁옥로98번길 1 1층,원광한약국
인천광역시 중구 자연대로 47,태영스타약국
인천광역시 미추홀구 경인로 431-1,건강프라자약국
인천광역시 서구 크리스탈로 78 엘림아트센터 1층 105호,호수약국
인천광역시 부평구 주부토로231 1층106호(갈산동,약국_바다약국
인천광역시 연수구 경원대로 184 이마트 2층,참사랑약국
인천광역시 남동구 인주대로623번길60구월빌딩,신성모약국
인천광역시 계양구 장제로 859,보현약국
인천광역시 연수구 학나래로118번길 9 선학프라자,윤약국
인천광역시 남동구 논고개로 337,참약국
인천광역시 미추홀구 수봉로 20,바로약국
인천광역시 미추홀구 미추홀대로 663-1 1층,다정약국
인천광역시 중구 흰바위로 41 2층,해오름약국
인천광역시 남동구 예술로 126,체리약국
인천광역시 서구 가정로 204,옵티마정다운약국
인천광역시 계양구 계양대로 96,청운약국
인천광역시 서구 원당대로 663,올리브약국
인천광역시 중구 하늘중앙로195번길 14 이은스퀘어,썬약국
인천광역시 부평구 경인로1104번길 6,인과원약국
인천광역시 미추홀구 매소홀로 470,신동아청수약국
인천광역시 연수구 비류대로 435 학구빌딩,대한약국
인천광역시 부평구 무네미로 453,중앙약국
인천광역시 계양구 장제로 867,365건강약국
인천광역시 남동구 서창남순환로 222,베스트약국
인천광역시 연수구 원인재로 216,보건약국
인천광역시 미추홀구 인주대로 460,아침6시약국
인천광역시 남동구 백범로 180번길 93,평원약국
인천광역시 연수구 컨벤시아대로 177 2층 (송도동,하늘약국
인천광역시 남동구 남동대로 893 루카이스타워 1층,올리브약국
인천광역시 서구 새오개로 37,대학약국
인천광역시 남동구 백범로 338,유성약국
인천광역시 연수구 청능대로 87 롯데마트연수점 지하1층,천세약국
인천광역시 서구 청마로 167번길 8,당하백화점약국
인천광역시 계양구 효서로 53,누리약국
인천광역시 부평구 안남로 222번길 27  경남종합상가 4층,호산나약국
인천광역시 부평구 안남로 222번길 27  경남종합상가 4층,미소약국
인천광역시 남동구 경인로770,행복한약국
인천광역시 계양구 동양로 101 동양동 580,나눔온누리약국
인천광역시 연수구 랜드마크로 110 115호 (송도동,마리나약국
인천광역시 서구 승학로 577 장은프라자,연세약국
인천광역시 계양구 주부토로 374 1층 건강도우미약국,건강도우미약국
인천광역시 남동구 성말로 13번길 15 메인프라자 1층,한빛약국
인천광역시 부평구 부평북로159,약국_서울당온누리약국
인천광역시 남동구 주안로 231,한사랑약국
인천광역시 동구 송림로 96,종로약국
인천광역시 미추홀구 미추홀대로 696 태성빌딩 지하 1층,태성약국
인천광역시 미추홀구 인주대로 191-1,명문당약국
인천광역시 미추홀구 아암대로29번길 86,메디팜큰사랑약국
인천광역시 계양구 계양대로 85,작전메디칼약국
인천광역시 부평구 부흥로 408,약국_동민약국
인천광역시 연수구 컨벤시아대로 165 포스코타워 5층,송도니트약국
인천광역시 연수구 컨벤시아대로 81 드림시티 3층,아이누리약국
인천광역시 계양구 오조산로 3 한미리빌딩,한마음약국
인천광역시 남동구 인주대로 541 1층,건강약국
인천광역시 부평구 부평동 507-2 106호,큰약국
인천광역시 부평구 동수로 55,무구팜코끼리약국
인천광역시 부평구 일신로14번길 10,일신약국
인천광역시 연수구 앵고개로 250,종로약국
인천광역시 부평구 동수로 125,수제약국
인천광역시 남동구 석산로 159 4층,리즈약국
인천광역시 미추홀구 경인로 233 1층 1호,다나약국
인천광역시 미추홀구 인하로352번길 3,주안온누리약국
인천광역시 미추홀구 길파로 26,온누리동산약국
인천광역시 남동구 호구포로818 퍼스트하임프라자1층,한누리약국
인천광역시 남동구 경인로644번길 28-1,이레온누리약국
인천광역시 미추홀구 낙섬중로 101 1층,유원소망약국
인천광역시 남동구 장승남로 54 신영프라자국106호,영광약국
인천광역시 중구 서해대로494번길 2-1,유동약국
인천광역시 미추홀구 경인로 347 국제빌딩,서광약국
인천광역시 중구 공항로 271 제1여객터미널 지하1층,메디팜 베스트약국
인천광역시 부평구 부평대로301(청천동,수현약국
인천광역시 부평구 시장로51번길 16,용한당한약국
인천광역시 부평구 수변로 74 삼성아파트1층 102호,약국_다정한약국
인천광역시 남동구 경인로 586 보광약국,보광약국
인천광역시 서구 중봉대로 588. 1층,청라중앙약국
인천광역시 미추홀구 석정로 327,인암종로약국
인천광역시 연수구 원인재로 88 삼환아파트,효성약국
인천광역시 남동구 남동대로 892 일주빌딩 1층,100세약국
인천광역시 남동구 백범로 323 국민은행간석지점,아름다운약국
인천광역시 서구 서달로163번길 9 한국약국,한국약국
인천광역시 서구 율도로 62-1,이삭약국
인천광역시 미추홀구 인주대로261 (금호빌딩),길정약국
인천광역시 부평구 평천로 306(갈산동),대우약국
인천광역시 부평구 경원대로1403번길 4,일호약국
인천광역시 중구 제물량로 65 신흥3가 3-4,우리약국
인천광역시 미추홀구 제일로 21-2,대마옵티마약국
인천광역시 부평구 세월천로 16 청천푸르지오아파트 대우2차상가 104호,송화약국
인천광역시 연수구 해돋이로 165 차오름프라자 109호,송도시온약국
인천광역시 남동구 석정로 518 1층,간석약국
인천광역시 남동구 호구포로818 퍼스트하임프라자,늘편안약국
인천광역시 계양구 장제로 728 영프라자,열린대학약국
인천광역시 남동구 선수촌로 37 SJ프라자 103호,아름드리약국
인천광역시 남동구 장승남로 36 만수프라자1층,대웅약국
인천광역시 남동구 앵고개로847번길 50 Tov Tower,논현큰사랑약국
인천광역시 미추홀구 인하로 269,민선당약국
인천광역시 미추홀구 경인로 128-1,삼정약국
인천광역시 부평구 안남로261 전방프라자  1층,전방메디칼 약국
인천광역시 부평구 경원대로 1236 선현빌딩,메디팜큰사랑약국
인천광역시 중구 답동로 30번길 9 경동 187-9,메디온정문약국
인천광역시 서구 길주로 136번길 32-1,늘봄약국
인천광역시 남동구 호구포로 818 퍼스트하임프라자,밝은약국
인천광역시 중구 하늘달빛로 94 스타타워1차,영종길온누리약국
인천광역시 미추홀구 경원대로 858 씨티프라자,세계로 건강 약국
인천광역시 부평구 마장로324번길 8-19  1층,행복이 가득한 봄약국
인천광역시 미추홀구 낙섬중로 37,열린약국
인천광역시 남동구 남동대로 860 106호 (간석동,한가람약국
인천광역시 중구 하늘별빛로 71,새봄약국
인천광역시 남동구 백범로 119 1층,양지약국
인천광역시 미추홀구 미추홀대로 735,부처산약국
인천광역시 남동구 만수로 45,만수윤약국
인천광역시 동구 화평로 28,행복한약국
인천광역시 부평구 길주로 633 삼산메디캐슬,나눔약국
인천광역시 부평구 길주로 635 엘림타워,엘림약국
인천광역시 서구 승학로 491 105호 (검암동),늘건강온누리약국
인천광역시 미추홀구 경인로128,은혜약국
인천광역시 서구 완정로 197 온누리하이텔 (1층),검단제일약국
인천광역시 미추홀구 주안로226 더월드스테이트,미소약국
인천광역시 중구 우현로90,포도나무약국
인천광역시 부평구 세월천로 67 명성빌딩,(약국)한솔약국
인천광역시 남동구 복개동로 64 1층,참사랑약국
인천광역시 서구 봉오재3로 42,미소약국
인천광역시 연수구 먼우금로 188번길 12   115호,바른약국
인천광역시 남동구 에코중앙로156번길 5-23,에코메트로약국
인천광역시 남동구 남동대로 886 희망세차장,연공약국
인천광역시 서구 청라라임로65. 라임타워 108호,청라유명약국
인천광역시 남동구 만수로 107,녹지원약국
인천광역시 남동구 문화서로 5-1,윤약국
인천광역시 남동구 문화서로4번길 41-2,큰샘약국
인천광역시 서구 건지로 371 1호,에버그린약국
인천광역시 서구 솔빛로 24 1층 101호,행복온누리약국
인천광역시 미추홀구 경인로 430,튼튼약국
인천광역시 연수구 용담로 11 시대아파트상가 2층 202-1호,우리팜아름약국
인천광역시 남동구 청능대로 583,논현종로약국
인천광역시 부평구 길주남로 124,비타민온누리약국
인천광역시 서구 신석로 68,성민메디컬약국
인천광역시 부평구 주부토로 261,약국_솔약국
인천광역시 미추홀구 인주대로 489 [주안동 1561-22] 1층,건강나누리약국
인천광역시 남동구 장승로 38,창일약국
인천광역시 부평구 부영로 165 우성아파트,건강약국
인천광역시 부평구 경원대로 1400-1,노벨약국
인천광역시 연수구 청학로 15번길 4  1층,정명약국
인천광역시 미추홀구 미추홀대로 722번길 8,라성약국
인천광역시 동구 송림로 93,정정안약국
인천광역시 부평구 동수로120번길 11 한국아파트 상가 101호,평화약국
인천광역시 남동구 논고개로 101서 아름다운타워 505 -1호,논현이화약국
인천광역시 서구 원적로96번길 26 가좌프라자쇼핑,가좌메디칼약국
인천광역시 남동구 앵고개로 928 디에이프라자 108호,소래약국
인천광역시 서구 탁옥로 55,성누가약국
인천광역시 동구 화도진로 137,화도진약국
인천광역시 부평구 부흥로 285,새은혜약국
인천광역시 남동구 만수서로 52 쓰리제이프라자,살맛나는 온누리약국
인천광역시 미추홀구 인하로 251,메디칼약국
인천광역시 계양구 주부토로 463,나눔약국
인천광역시 연수구 원인재로 14 무지개마을,누리약국
인천광역시 미추홀구 수봉로 55,안약국
인천광역시 부평구 열우물로 51,동암 메디칼약국
인천광역시 강화군 강화읍 강화대로312번길 12,강화명약국
인천광역시 동구 샛골로 159,약국_서약국
인천광역시 중구 참외전로 134-1,신세계약국
인천광역시 남동구 남동대로 875 세화빌딩,새백화점약국
인천광역시 계양구 아나지로299번길 24,옵티마천지약국
인천광역시 남동구 논고개로 325,그린팜우리약국
인천광역시 서구 원당대로 660 1층 101-1호 (우)22677,프라자약국
인천광역시 미추홀구 경원대로 862,석바위약국
인천광역시 미추홀구 소성로 333,굿모닝약국
인천광역시 동구 화도진로44번길 26,해동약국
인천광역시 미추홀구 석정로 123 1층,옵티마 동인당약국
인천광역시 부평구 세월천로 16 대우2차상가 101호,한아름온누리약국
인천광역시 남동구 석산로 131번길 1층 1호 열린메디칼빌딩,그린약국
인천광역시 강화군 강화읍 중앙로 43 1층,강화약국
인천광역시 서구 청마로19번길 3 드림빌딩 1층,사랑탑약국
인천광역시 부평구 부평문화로 48 1층,부평제일약국
인천광역시 계양구 용종로 2 계산프라자 2층,이층메디칼약국
인천광역시 중구 샛골로9번길 37,대경약국
인천광역시 미추홀구 인주대로 131,종로5가약국
인천광역시 연수구 선학로 101 뉴서울아파트상가,동인천약국
인천광역시 남동구 인주대로653번길 36,정문약국
인천광역시 미추홀구 인주대로 396,제일약국
인천광역시 계양구 봉오대로477번길 19 307호 (우)21100,기약국
인천광역시 계양구 계산로 89 1층,교대약국
인천광역시 계양구 계산로126번길 24,호성약국
인천광역시 부평구 마장로 264번길 68-20,세광한약국
인천광역시 연수구 해돋이로 102,뉴송도약국
인천광역시 남동구 장승남로33번길 9대동아파트상가 110동1층107,남동온누리약국
인천광역시 서구 심곡로100번길 17-5 1층,크린팜대학약국
인천광역시 계양구 오조산로 53,행복한온누리약국
인천광역시 남동구 논고개로 77,이로운약국
인천광역시 중구 우현로75,청안약국
인천광역시 서구 원적로 103,굿윌드림약국
인천광역시 계양구 계산로111번길 8,신세계약국
인천광역시 부평구 마장로838정진빌딩 (1층),참좋은 약국
인천광역시 미추홀구 연남로 35 1층,인천터미널약국
인천광역시 남동구 인주대로 660,모범약국
인천광역시 서구 중봉대로 602. 1층,청라미래약국
인천광역시 남동구 독점로29번길 30 103,21세기길약국
인천광역시 미추홀구 미추로52,인소망약국
인천광역시 중구 도원로7번길 1,정성약국
인천광역시 미추홀구 인하로 261,늘푸른약국
인천광역시 미추홀구 낙섬서로 4 현대메디켈센타,현대메디칼약국
인천광역시 동구 동산로 86,한솔약국
인천광역시 미추홀구 인주대로 132번길 6 1층,대영약국
인천광역시 연수구 컨벤시아대로230번길 42 102-1호(송도동,퍼스트약국
인천광역시 연수구 앵고개로264번길 30-4 영남프라자,수프라자약국
인천광역시 중구 하늘별빛로65번길 7-9 1층 117호,영종올리브약국
인천광역시 부평구 마장로 435,이화약국
인천광역시 미추홀구 토금남로 65 용현프라자,지우약국
인천광역시 계양구 오조산로7번길 6-14 람세스빌2 101호,판도라계양메디칼약국
인천광역시 연수구 새말로 32,한울약국
인천광역시 미추홀구 토금남로 53 한양아파트,열린연세약국
인천광역시 연수구 컨벤시아대로130번길 58 상가 B102호,고려약국
인천광역시 부평구 부평대로 36-1,종로약국
인천광역시 서구 거북로 104 한승빌딩,보건약국
인천광역시 부평구 원길로 19,신생약국
인천광역시 서구 가정로 375 금강아미움3층 비타민약국,비타민약국
인천광역시 부평구 마장로334산곡동 에스코빌딩,현대약국
인천광역시 계양구 계양대로 66 1층,코코약국
인천광역시 부평구 경원대로 1242,현대메디칼약국
인천광역시 부평구 체육관로 24 청호빌딩 1층 103호 청호약국,청호약국
인천광역시 강화군 강화읍 강화대로 431 감초약국,감초약국
인천광역시 계양구 황어로 120,장기약국
인천광역시 서구 가정로 375 금강아미움 409호 일부,사층약국
인천광역시 서구 중봉대로 594. 청라비전프라자 1층,청라비젼약국
인천광역시 남동구 만수로100번길 3,희망약국
인천광역시 계양구 오조산로 1 거승프라자,365약국
인천광역시 서구 가정로 364-1,굿모닝온누리약국
인천광역시 미추홀구 독배로 422,성광코끼리약국
인천광역시 부평구 경인로 1076,부개약국
인천광역시 남동구 남동대로922번길 52,고운정약국
인천광역시 남동구 호구포로872,신세계약국
인천광역시 부평구 부평대로 153 부평구청역대명벨리온 1층 130호,리뉴약국
인천광역시 부평구 육동로 2,옵티마부평성모약국
인천광역시 남동구 포구로 75 송원빌딩,하나약국
인천광역시 계양구 효서로 380 신현대타운108호,종합메디칼약국
인천광역시 서구 심곡로 79 우정빌딩 3층,한마음약국
인천광역시 계양구 계산새로 93 밀레니엄프라자,센타약국
인천광역시 미추홀구 인주대로35번길 36-7,우리코끼리약국
인천광역시 미추홀구 석정로 271 1층 dh메디컬 약국,DH메디컬 약국
인천광역시 계양구 새벌로 120 대산아파트상가 202호,대산약국
인천광역시 미추홀구 한나루로 500-1,주안백화점약국
인천광역시 연수구 먼우금로 194  두손메카 117호,열린약국
인천광역시 서구 서곶로 823 송산프라자 1층,함께약국
인천광역시 부평구 수변로107번길 58,약국_옵티마 자연약국
인천광역시 남동구 장수로 25 주공아파트,신광약국
인천광역시 중구 공항로 272 제2여객터미널,프라임약국
인천광역시 미추홀구 인주대로 128번길 7-10 1층,가까운무궁화약국
인천광역시 미추홀구 제일로 42,청사랑약국
인천광역시 남동구 만수로 7,정다운약국
인천광역시 부평구 체육관로 14 삼산지구 복합시설 삼성메디플러스 309호,명성온누리약국
인천광역시 계양구 경명대로 1115 인평프라자 3층,메디칼약국
인천광역시 서구 길주로 75번길 35 1층,성민대학약국
인천광역시 남동구 남동대로 875,성모약국
인천광역시 부평구 마장로310  101호,영광약국
인천광역시 계양구 임학동로 47 대경빌딩,새생명약국
인천광역시 연수구 인천광역시타워대로54번길 13 해승메디피아 103호,송도중앙약국
인천광역시 중구 하늘중앙로225번길 3 1층 107호,영종스카이약국셀메드
인천광역시 남동구 백범로 376 간석동도시타워-1,세계로약국
인천광역시 중구 제물량로 123,신흥약국
인천광역시 미추홀구 경원대로 869 르네상스빌딩503호,한아름약국
인천광역시 부평구 열우물로50번길 9-2,용한약국
인천광역시 서구 완정로 18,검단온누리약국
인천광역시 미추홀구 낙섬중로 54,새희망약국
인천광역시 남동구 인주대로 664 메인프라자2차,지성온누리약국
인천광역시 남동구 에코중앙로156번길 5-12,신이화약국
인천광역시 계양구 계양대로 90,수정약국
인천광역시 남동구 구월남로280 알파프라자 1층,모래내약국
인천광역시 서구 완정로178번길 33 목화아파트,단오약국
인천광역시 남동구 논고개로 87 논현메디스타워,차세대건강약국
인천광역시 남동구 앵고개로847번길 64 골든프라자,휴먼시아약국
인천광역시 계양구 계양대로 55 민재빌딩,민재약국
인천광역시 계양구 용마루6길 8 1층,허준한약국
인천광역시 계양구 계양대로 214,계산365약국
인천광역시 계양구 동양로 103 동양동 580-1,동양약국
인천광역시 연수구 청능대로 93 두손이리옴프라자102호,효성메디칼약국
인천광역시 남동구 장승로 14 창대아트빌,온누리은혜약국
인천광역시 계양구 장제로 672,백세약국
인천광역시 남동구 논고개로 93,논현스타약국
인천광역시 남동구 독곡로6번길 4 준정빌딩,우리온누리약국
인천광역시 동구 화수로 43 1층,다사랑약국
인천광역시 연수구 독배로 41 인영빌딩,약국_한솔프라자약국
인천광역시 남동구 인하로 568 (우)21582,아시아드메디칼온누리약국
인천광역시 부평구 동수로 49-2,성모메디컬약국
인천광역시 연수구 청명로 5 1층,희망약국
인천광역시 서구 원적로27번길 11,편안한약국
인천광역시 계양구 계양대로 53 휘림빌딩,우리팜약국
인천광역시 남동구 인주대로 664 메인프라자 2차,하늘약국
인천광역시 서구 가정로 213,행복한약국
인천광역시 미추홀구 미추홀대로 722,백화점약국
인천광역시 남동구 남동대로 772,중앙판도라약국
인천광역시 미추홀구 경인로34번길 4 4 1층,운현약국
인천광역시 연수구 앵고개로264번길 46,늘사랑약국
인천광역시 서구 서곶로369번길 24,연희연세약국
인천광역시 미추홀구 인주대로 404,더편한약국
인천광역시 남동구 석정로 571 정은아파트 102호,늘푸른약국
인천광역시 동구 화도진로 183 만석비치타운 상가,인혜약국
인천광역시 부평구 동수로 50,부평자애약국
인천광역시 서구 서곶로 293 우민메디칼 1층 녹십자약국,녹십자약국
인천광역시 연수구 학아래로 6번길 6 1층,건강백세약국
인천광역시 중구 흰바위로31 에어로시티티 1층,영종태평양약국
인천광역시 남동구 만수로 65 훈정빌딩,아침을여는 세명약국
인천광역시 서구 가정로 382 1층,한솔약국
인천광역시 남동구 구월로 75-1,수약국
인천광역시 서구 가정로 388 1층,세란약국
인천광역시 부평구 시장로 55-1,편안약국
인천광역시 연수구 샘말로 7번길 썬클리닉 빌딩,성약국
인천광역시 중구 연안부두로 70 인천광역시항연안여객터미널,섬약국
인천광역시 중구 서해대로 486,큰사랑약국
인천광역시 남동구 구월로 212 (구월힐스테이트&롯데캐슬),애플약국
인천광역시 부평구 부흥로365번길 3 상인빌딩,백제약국
인천광역시 서구 도요지로 22 대영프라자 103호,경서메디칼약국
인천광역시 중구 제물량로 24번길 6-34 신흥동 3가 31-48,대황약국
인천광역시 남동구 논고개로 61 108,365라피에스타약국
인천광역시 미추홀구 매소홀로 355학익프라자 117호,학익프라자약국
인천광역시 서구 가정로 202,청우약국
인천광역시 부평구 동수천로 112 성덕빌딩,아이사랑약국
인천광역시 미추홀구 매소홀로 474 수빈빌딩,중앙약국
인천광역시 서구 원적로 29,메디팜성모약국
인천광역시 부평구 주부토로 261 신협빌딩,솔약국
인천광역시 동구 송림로 76,조은약국
인천광역시 미추홀구 수봉로182번길45,푸른온누리약국
인천광역시 서구 청라라임로71. 진영메디피아 111호,대명약국
인천광역시 서구 원당대로 866 세브란스빌딩,원당연세약국
인천광역시 부평구 부흥로 264 동아웰빙타운 3층,행복약국
인천광역시 부평구 일신로14번길 34 두성빌딩,늘희망약국
인천광역시 서구 탁옥로 37 우리타워,복지온누리약국
인천광역시 연수구 송도바이오대로 300,송도바이오약국
인천광역시 부평구 부평대로 132 헤리움노블레스 101호,을지약국
인천광역시 미추홀구 독배로 311,중앙메디컬약국
인천광역시 계양구 경명대로 1074 삼환빌딩,고려원약국
인천광역시 부평구 마장로 82 현대다섬프라자,황약국
인천광역시 남동구 독점로29번길 24,사랑길약국
인천광역시 미추홀구 매소홀로 578,문학모범약국
인천광역시 남동구 구월말로3번길20-1,구월조은약국
인천광역시 부평구 경원대로 1404 그랑프리빌딩 115호,코코약국
인천광역시 남동구 남동대로 890 1층,휴베이스 실로암약국
인천광역시 부평구 마장로324번길 8-15,해봄약국
인천광역시 서구 원당대로 581,즐거운약국
인천광역시 계양구 경명대로 1055,21세기약국
인천광역시 부평구 부평문화로 43,나래약국
인천광역시 미추홀구 인주대로 458번길 6,나라약국
인천광역시 부평구 부평대로 171-9,메디칼안약국
인천광역시 부평구 마장로 399,늘푸른
인천광역시 부평구 배곶남로9번길 22,십정약국
인천광역시 연수구 먼우금로 88 상산빌딩 304호,복음약국
인천광역시 중구 참외전로118-1,인천약국
인천광역시 미추홀구 독배로317번길 23,수약국
인천광역시 부평구 길주로 623 대덕리치아노,21세기맑은약국
인천광역시 동구 송미로 7 1층,도원약국
인천광역시 남동구 논고개로 86 모아프라자 1층 101호,논현모두약국
인천광역시 서구 봉오재3로 44 101호,명문약국
인천광역시 미추홀구 미추로 25 1층,만화약국
인천광역시 서구 중봉대로 586번길 9-4. 쓰리엠타워 113호,금빛약국
인천광역시 남동구 경인로 668,종로약국
인천광역시 미추홀구 장천로 112번길 3 금학빌딩,파랑새약국
인천광역시 서구 승학로 321 1층,연세온누리약국
인천광역시 서구 신진말로 30,건지약국
인천광역시 부평구 부평대로 11,중앙온누리약국
인천광역시 부평구 수변로 64,약국_세민약국
인천광역시 부평구 체육관로 18 대경프라자,원광한약국
인천광역시 부평구 장제로74,약국_부평우리약국
인천광역시 연수구 새말로 150,경동한약국
인천광역시 부평구 경원대로 1355 성우빌딩,소원약국
인천광역시 남동구 호구포로808수정빌딩,재준약국
인천광역시 계양구 계양문화로 96 강북프라자 1층,온누리건강백화점약국
인천광역시 계양구 오조산공원로 26 골드프라자 104호,나음약국
인천광역시 강화군 강화읍 중앙로27 1층,이화약국
인천광역시 남동구 구월로 376 정은프라자 101호,경동약국
인천광역시 서구 칠천왕로 33번길 18 1층,플러스약국
인천광역시 남동구 백범로 372  1층,종로프라자약국
인천광역시 남동구 석산로 211,보리수한약국
인천광역시 남동구 장자로 14,장수당약국
인천광역시 남동구 호구포로 886,간석비타약국
인천광역시 남동구 남동대로 743 유제빌딩 1층,열매약국
인천광역시 미추홀구 구월로37번길 46 1층,태양약국
인천광역시 중구 공항로 272 제2여객터미널 3층,스카이팜약국
인천광역시 중구 우현로 47,건강한21세기약국
인천광역시 중구 신도시남로 137 화평빌딩,하늘그린약국
인천광역시 남동구 예술로198홈플러스CGV지하2층,매일여는온누리약국
인천광역시 계양구 계산새로65번길 17,서울메디칼약국
인천광역시 남동구 남촌동로35번길 4,남촌약국
인천광역시 남동구 논고개로123번길 35 1층 A 126호,365행복약국
인천광역시 미추홀구 경인로 382-1,종로사약국
인천광역시 서구 거북로 115,이화온누리약국
인천광역시 남동구 논현역로 8 아이엠 프라자 105호,논현참사랑약국
인천광역시 연수구 독배로40번길 29,현대온누리약국
인천광역시 옹진군 영흥면 영흥북로 11 태평양약국,태평양약국
인천광역시 연수구 독배로 42 해창빌딩,미래팜약국
인천광역시 부평구 부흥로 247,새한약국
인천광역시 부평구 길주로 510,진약국
인천광역시 미추홀구 낙섬중로32번길 15,하늘온누리약국
인천광역시 부평구 영성로34,동의그린약국
인천광역시 중구 공항로 272 제1여객터미널 3층,월드탑약국
인천광역시 서구 거북로 97,거북시장약국
인천광역시 남구 인하로 507번길 63 모아메디컬타운 1층,로데오약국
인천광역시 미추홀구 제일로 42-1 1층,세인약국
인천광역시 남동구 장승남로 37,인천굿모닝약국
인천광역시 남동구 구월남로283,모래내참사랑약국
인천광역시 미추홀구 인하로121,을지약국
인천광역시 미추홀구 인하로262번길 6,약국_혜은약국
인천광역시 서구 가정로 364,열린약국
인천광역시 계양구 도두리로 46 도두리마을동보아파트,한교약국
인천광역시 부평구 대정로36번길 1 1층,경희당한약방
인천광역시 서구 서달로 123번길 3  1층,메디팜약수약국
인천광역시 서구 단봉로 97-7 센타프라자 108호,열린온누리약국
인천광역시 남동구 호구포로 920,아름다운건강한약국
인천광역시 남동구 호구포로 920,햇빛약국
인천광역시 남동구 인주대로 594 1층,새대찬약국_1
인천광역시 부평구 부일로 11 아이앤비아파트 2층,유림약국
인천광역시 옹진군 영흥면 선재로116번길 6,섬약국
인천광역시 부평구 동수로 54,행복한 온누리약국
인천광역시 서구 완정로 179 제이원검단메디컬빌딩 102호,보성메디칼약국
인천광역시 연수구 해돋이로120번길 16,신도시약국
인천광역시 중구 연안부두로33번길 36,유한온누리약국
인천광역시 부평구 동수로 57-1 1층,꽃님이약국
인천광역시 서구 승학로 498 서해프라자 108호,드림약국
인천광역시 남동구 남동대로 837번길 1.  3층,세화한약국
인천광역시 남동구 문화서로 26 1층,한약국
인천광역시 남동구 만수로 43,온누리명성약국
인천광역시 서구 원창로 174 남송 프라자,성모약국
인천광역시 남동구 인주대로 623번길62 1,건강길약국
인천광역시 서구 청마로19번길 20 103호,검단튼튼약국
인천광역시 서구 완정로 180,착한약국
인천광역시 연수구 학나래로 12 1층,연수바른약국
인천광역시 미추홀구 미추홀대로 700,주안동서약국
인천광역시 남동구 논고개로 80 나로프라자,논현조은약국
인천광역시 중구 운남로 167,하늘약국
인천광역시 남동구 석산로 52,간석태평양약국
인천광역시 남동구 만수로 47 만수메디칼빌딩 1층,한솔약국
인천광역시 연수구 독배로40번길 11 효명프라자,건강나라야국
인천광역시 연수구 한진로 23,옵티마동의당약국
인천광역시 남동구 구월로 235 1층 척도약국,척도약국
인천광역시 남동구 백범로 274 1층,은혜약국
인천광역시 남동구 서창남로 81 투엠프라자 1층 112,태평양메디컬온누리약국
인천광역시 남동구 만수서로 56 105호,향촌우리약국
인천광역시 서구 중봉대로 587 홈플러스 청라점 지하2층,이도온누리약국
인천광역시 부평구 충선로 174,메디칼제일약국
인천광역시 강화군 강화읍 충렬사로24 1층,남산약국
인천광역시 남동구 소래역남로 20 보성메디프라자1층105호,꽃길약국
인천광역시 중구 인항로 34,금강약국
인천광역시 중구 인항로 34,메디팜인하약국
인천광역시 부평구 마장로242번길 5,은행약국
인천광역시 계양구 새벌로 112 115호,비타인온누리약국
인천광역시 계양구 아나지로 191 연아빌딩,명문약국
인천광역시 계양구 장제로 676,햇살약국
인천광역시 남동구 인주대로 861(만수동983-4),영신약국
인천광역시 미추홀구 미추홀대로 559 남부종합상가 주안동 1315-10,건강백세약국
인천광역시 부평구 원적로309번길 22-1,경민약국
인천광역시 계양구 계산천서로22번길 1,한결약국
인천광역시 연수구 신송로 153,솔빛약국
인천광역시 서구 가정로 124,정든약국
인천광역시 서구 심곡로194번길 1 연봉빌딩 1층,푸른약국
인천광역시 부평구 마장로 156,푸른건강약국
인천광역시 서구 건지로318번길 32,가좌약국
인천광역시 남동구 서창남순환로 223,플러스약국
인천광역시 미추홀구 석정로 389-5,우성약국
인천광역시 서구 청라커낼로 252 롯데마트 1층,이야기약국
인천광역시 남동구 인하로 607 105호 기린약국,기린약국
인천광역시 부평구 길주로 508번길 25,팜메이트화생당약국
인천광역시 미추홀구 학익소로 66 선정빌딩 1층 106호,선정수약국
인천광역시 남동구 논고개로 71 가산타워 108호,가산메디컬약국
인천광역시 중구 우현로 41 신포프라자약국,신포프라자약국
인천광역시 서구 새오개로111번안길 32 102호,연세드림약국
인천광역시 부평구 마장로296 롯데마트 부평점,부평역 희망약국
인천광역시 계양구 계양대로 187,성심약국
인천광역시 서구 크리스탈로74번길 31 월드프라자 109호,청라로이약국
인천광역시 부평구 원적로 434 202호,우리온누리약국
인천광역시 부평구 길주남로 113,늘봄약국
인천광역시 미추홀구 방축로 216 제이씨전산,대학약국
인천광역시 계양구 안남로 548 효성프라자,효성프라자약국
인천광역시 부평구 광장로 지하 30 대아지하상가 지하2층 34호,허브팜부평역약국
인천광역시 남동구 구월로263,다정약국
인천광역시 남동구 서창남순환로215번길 48 102호,미소약국
인천광역시 부평구 영성서로 37 104호,테루파약국
인천광역시 미추홀구 용현동 685-12,도움약국
인천광역시 계양구 경명대로 1114번길 21,해맑은약국
인천광역시 강화군 강화읍 중앙로23 1층,신세계약국
인천광역시 계양구 계양대로 121,우리약국
인천광역시 연수구 함박뫼로 250 연수풍림1차아파트,풍림약국
인천광역시 미추홀구 연남로 35 롯데백화점 지하 1층,휴베이스센트럴약국
인천광역시 미추홀구 인하로119번길 13,대은약국
인천광역시 계양구 임학동로9번길 2,옵티마늘푸른약국
인천광역시 계양구 봉오대로 669,세진약국
인천광역시 서구 장고개로337번길 7 103호,해봄약국
인천광역시 남동구 경인로 520 탑프라자투,탑프라자약국
인천광역시 중구 하늘중앙로195번길 29 진로프라자,굿모닝약국
인천광역시 계양구 계양대로 188 노바체빌딩 305호,서진약국
인천광역시 남동구 호구포로 921 청산빌딩 109호,스마일약국
인천광역시 부평구 동수로 57,메디칼정문약국
인천광역시 계양구 효서로 300 삼호프라자1층,중앙온누리약국
인천광역시 미추홀구 경인로 291 1층,약국_건강제일약국
인천광역시 미추홀구 토금남로 29,약손약국
인천광역시 부평구 부영로189번길 51 508호,다정약국
인천광역시 서구 심곡로100번길 17-3,토마토약국
인천광역시 연수구 청능대로 210 3층,스퀘어365약국
인천광역시 남동구 독점로3번길 26 교동빌딩 1층,훼미리약국
인천광역시 연수구 먼우금로 189 소망빌딩,원약국
인천광역시 서구 완정로 35 대운프라자,위드팜100세약국
인천광역시 연수구 독배로40번길 47,보룡약국
인천광역시 미추홀구 독배로 498 1층,봄약국
인천광역시 남동구 남촌동로15번길 12,(약국)한일약국
인천광역시 계양구 용종로 2,찬수온누리약국
인천광역시 계양구 장제로 912,굿모닝 약국
인천광역시 미추홀구 매소홀로 442 인천광역시 향교 회관,큰나무약국
인천광역시 서구 고래울로 4 1층,한결약국
인천광역시 연수구 비류대로 429,최현수약국
인천광역시 계양구 주부토로 467 1층,태강 메디카 약국
인천광역시 남동구 은청로 4-7 A동 1층 150호,약국 남동약국
인천광역시 남동구 인주대로 645 대신빌딩 A동 101호,바로약국
인천광역시 부평구 대정로 47,새시장약국
인천광역시 계양구 새벌로 126,아름다운약국
인천광역시 미추홀구 석정로 306 삼원상가 1층 106호,사랑약국
인천광역시 계양구 효서로 182 풍림아파트,으뜸약국
인천광역시 미추홀구 소성로 133,넘버원약국
인천광역시 부평구 원적로 300번길 4,그린팜약국
인천광역시 미추홀구 석정로 436 안우빌딩 1층,주안메디카약국
인천광역시 서구 검단로768번1길 4 세인빌딩,성심약국
인천광역시 부평구 부평대로64번길 1,단비약국
인천광역시 남동구 석산로 146. 간석동 금호어울림아파트 상가 1-104호,어울림약국
인천광역시 부평구 길주남로101번길 4-20,길목옵티마약국
인천광역시 남동구 경원대로 971 홈플러스 간석점 2F,간석온누리약국
인천광역시 계양구 장제로 708 한샘프라자,행운약국
인천광역시 남동구 호구포로535번길 24,영진약국
인천광역시 미추홀구 석정로 437,약국_파란약국
인천광역시 부평구 시장로 55,부평시장약국
인천광역시 미추홀구 한나루로 400,약국_민중약국
인천광역시 부평구 부평대로 44,대한약국
인천광역시 미추홀구 경원대로652번길 31,맑은약국
인천광역시 부평구 부평문화로 100-1,우정약국
인천광역시 서구 거북로 98,조은약국
인천광역시 미추홀구 수봉로31,백제약국
인천광역시 동구 송현로 1,송현메디칼약국
인천광역시 계양구 장기로 26 명인빌딩 1층,아라온누리약국
인천광역시 남동구 용천로 154,생활과건강약국
인천광역시 서구 원당대로 841 골든벨프라자,미소약국
인천광역시 서구 청라루비로 93 루비타워 105호,도담약국
인천광역시 계양구 안남로 512,그린프라자약국
인천광역시 중구 월미로 1-3,영인약국
인천광역시 남동구 서창남로 77 1층 107호,솔약국
인천광역시 남동구 만수서로3번길16,삼성약국
인천광역시 남동구 포구로 64-35,윤정희약국
인천광역시 연수구 신송로 166 플러스원프라자 107호,플러스 약국
인천광역시 남동구 인주대로623번길54,구월메디칼약국
인천광역시 중구 하늘별빛로65번길 11 해솔프라자 101호 미소약국,미소약국
인천광역시 연수구 해돋이로 160-4 101호,스타약국
인천광역시 계양구 경명대로 1068,종로약국
인천광역시 연수구 송도과학로27번길 55 롯데캐슬 에비뉴 A동 1층,캠퍼스메이플약국
인천광역시 동구 샛골로 199,약국-우리들약국
인천광역시 서구 연희로 12,백제당약국
인천광역시 부평구 경원대로 1286,부평그랜드약국
인천광역시 부평구 굴포로 42,차승은약국
인천광역시 부평구 장제로 27 해마루,정다운약국
인천광역시 미추홀구 미추홀대로 573,희망약국
인천광역시 미추홀구 토금남로 31-1,주사랑약국
인천광역시 계양구 양지로151 귤현동 504-1,태양온누리약국
인천광역시 미추홀구 경원대로 766 서울빌딩 1층,(약국)키즈맘약국
인천광역시 부평구 광장로 15,부평365약국
인천광역시 중구 우현로39번길 2,신포부부약국
인천광역시 계양구 효서로 380,한솔약국
인천광역시 서구 청마로 163 당하메디칼센타,당하메디칼약국
인천광역시 서구 완정로 36 한성빌딩 1층,한성메디칼약국
인천광역시 남동구 독점로29번길 38 성림빌딩,새길약국
인천광역시 남동구 경인로 594 1층,준약국
인천광역시 남동구 논고개로 121 에스닷몰 1층 108호,동서약국
인천광역시 미추홀구 인하로 276 주안동 1315-11,참사랑약국
인천광역시 부평구 굴포로42,굿모닝약국
인천광역시 강화군 강화읍 중앙로18,모던한방약국
인천광역시 미추홀구 인하로77번길 6,인하사랑약국
인천광역시 남동구 서창남순환로215번길 35 109호,메디팜서창약국
인천광역시 계양구 경명대로 1116 하나아파트상가 104호,하나약국
인천광역시 서구 청마로 17,미소탑약국
인천광역시 미추홀구 아암대로29번길 4,올리브온누리약국
인천광역시 남동구 청능대로 596,진약국
인천광역시 미추홀구 아암대로29번길 77 1층,백제당약국
인천광역시 동구 석수로 22 화수상가아파트,한독약국
인천광역시 계양구 계양문화로 21,가까운대학약국
인천광역시 연수구 송도문화로28번길 28 송도글로벌캠퍼스푸르지오 203동 208호,한마음약국
인천광역시 서구 길주로 75번길 36 동서빌딩,중앙약국
인천광역시 미추홀구 낙섬중로 35,토지약국
인천광역시 부평구 부흥로 414 모아빌딩,약국_미금약국
인천광역시 미추홀구 주안로 86 주안역 지하도상가 239호 (주안동),주안허브약국
인천광역시 미추홀구 낙섬중로 51,기성약국
